Dia,Plataforma do dispositivo,Colocação,Plataforma,Alcance,Impressões,Quantia gasta (BRL),Cliques em links,Visualizações por página,Compras no website,Compras no facebook,Adicionados ao carrinho,Valor de conversão adicionado ao carrinho,Checkouts Iniciados,Valor de conversão de checkouts iniciados,Valor de conversão de compras,Compras
2021-07-31,All,All,All,12440.0,16114.0,"72,66","141,00","101,00","6,00",0.0,"48,00","5277,80","30,00",0.0,"853,59","6,00"
2021-07-31,mobile_web,All,All,104.0,170.0,"0,49",0,0,0,0.0,0,0,0,0.0,0,0
2021-07-31,mobile_web,feed,All,104.0,170.0,"0,49",0,0,0,0.0,0,0,0,0.0,0,0
2021-07-31,mobile_web,feed,facebook,104.0,170.0,"0,49",0,0,0,0.0,0,0,0,0.0,0,0
2021-07-31,mobile_app,All,All,12236.0,15679.0,"70,62","136,00","98,00","6,00",0.0,"48,00","5277,80","30,00",0.0,"853,59","6,00"
2021-07-31,mobile_app,marketplace,All,4.0,18.0,"0,09","1,00",0,0,0.0,0,0,0,0.0,0,0
2021-07-31,mobile_app,marketplace,facebook,4.0,18.0,"0,09","1,00",0,0,0.0,0,0,0,0.0,0,0
2021-07-31,mobile_app,instagram_explore,All,236.0,236.0,"1,47","1,00","1,00","1,00",0.0,"5,00","249,20","4,00",0.0,"79,80","1,00"
2021-07-31,mobile_app,instagram_explore,instagram,236.0,236.0,"1,47","1,00","1,00","1,00",0.0,"5,00","249,20","4,00",0.0,"79,80","1,00"
2021-07-31,mobile_app,instagram_stories,All,3588.0,3868.0,"11,36","22,00","17,00","1,00",0.0,"2,00","191,70","1,00",0.0,"157,19","1,00"
2021-07-31,mobile_app,instagram_stories,instagram,3588.0,3868.0,"11,36","22,00","17,00","1,00",0.0,"2,00","191,70","1,00",0.0,"157,19","1,00"
2021-07-31,mobile_app,feed,All,8748.0,11407.0,"57,36","112,00","80,00","4,00",0.0,"41,00","4836,90","25,00",0.0,"616,60","4,00"
2021-07-31,mobile_app,feed,facebook,5848.0,7223.0,"28,45","93,00","63,00","3,00",0.0,"28,00","3522,30","19,00",0.0,"546,70","3,00"
2021-07-31,mobile_app,feed,instagram,3788.0,4184.0,"28,91","19,00","17,00","1,00",0.0,"13,00","1314,60","6,00",0.0,"69,90","1,00"
2021-07-31,mobile_app,video_feeds,All,99.0,99.0,"0,24",0,0,0,0.0,0,0,0,0.0,0,0
2021-07-31,mobile_app,video_feeds,facebook,99.0,99.0,"0,24",0,0,0,0.0,0,0,0,0.0,0,0
2021-07-31,mobile_app,messenger_inbox,All,4.0,7.0,"0,03",0,0,0,0.0,0,0,0,0.0,0,0
2021-07-31,mobile_app,messenger_inbox,messenger,4.0,7.0,"0,03",0,0,0,0.0,0,0,0,0.0,0,0
2021-07-31,mobile_app,instream_video,All,5.0,5.0,"0,02",0,0,0,0.0,0,0,0,0.0,0,0
2021-07-31,mobile_app,instream_video,facebook,5.0,5.0,"0,02",0,0,0,0.0,0,0,0,0.0,0,0
2021-07-31,mobile_app,instant_article,All,8.0,8.0,0,0,0,0,0.0,0,0,0,0.0,0,0
2021-07-31,mobile_app,instant_article,facebook,8.0,8.0,0,0,0,0,0.0,0,0,0,0.0,0,0
2021-07-31,mobile_app,facebook_stories,All,31.0,31.0,"0,05",0,0,0,0.0,0,0,0,0.0,0,0
2021-07-31,mobile_app,facebook_stories,facebook,31.0,31.0,"0,05",0,0,0,0.0,0,0,0,0.0,0,0
2021-07-31,desktop,All,All,172.0,265.0,"1,55","5,00","3,00",0,0.0,0,0,0,0.0,0,0
2021-07-31,desktop,feed,All,172.0,225.0,"1,48","4,00","2,00",0,0.0,0,0,0,0.0,0,0
2021-07-31,desktop,feed,facebook,172.0,225.0,"1,48","4,00","2,00",0,0.0,0,0,0,0.0,0,0
2021-07-31,desktop,right_hand_column,All,12.0,40.0,"0,07","1,00","1,00",0,0.0,0,0,0,0.0,0,0
2021-07-31,desktop,right_hand_column,facebook,12.0,40.0,"0,07","1,00","1,00",0,0.0,0,0,0,0.0,0,0
2021-07-30,All,All,All,13336.0,16600.0,"84,94","192,00","145,00","4,00",0.0,"29,00","2365,20","23,00",0.0,"475,10","4,00"
2021-07-30,desktop,All,All,176.0,189.0,"1,36","1,00","1,00",0,0.0,0,0,0,0.0,0,0
2021-07-30,desktop,right_hand_column,All,8.0,23.0,"0,04",0,0,0,0.0,0,0,0,0.0,0,0
2021-07-30,desktop,right_hand_column,facebook,8.0,23.0,"0,04",0,0,0,0.0,0,0,0,0.0,0,0
2021-07-30,desktop,feed,All,166.0,166.0,"1,32","1,00","1,00",0,0.0,0,0,0,0.0,0,0
2021-07-30,desktop,feed,facebook,166.0,166.0,"1,32","1,00","1,00",0,0.0,0,0,0,0.0,0,0
2021-07-30,mobile_web,All,All,132.0,193.0,"0,71","2,00","3,00",0,0.0,"1,00","65,90","1,00",0.0,0,0
2021-07-30,mobile_web,feed,All,132.0,193.0,"0,71","2,00","3,00",0,0.0,"1,00","65,90","1,00",0.0,0,0
2021-07-30,mobile_web,feed,facebook,132.0,193.0,"0,71","2,00","3,00",0,0.0,"1,00","65,90","1,00",0.0,0,0
2021-07-30,mobile_app,All,All,13092.0,16218.0,"82,87","189,00","141,00","4,00",0.0,"28,00","2299,30","22,00",0.0,"475,10","4,00"
2021-07-30,mobile_app,video_feeds,All,296.0,296.0,"0,92",0,0,0,0.0,0,0,0,0.0,0,0
2021-07-30,mobile_app,video_feeds,facebook,296.0,296.0,"0,92",0,0,0,0.0,0,0,0,0.0,0,0
2021-07-30,mobile_app,instream_video,All,0.0,5.0,"0,04",0,0,0,0.0,0,0,0,0.0,0,0
2021-07-30,mobile_app,instream_video,facebook,0.0,5.0,"0,04",0,0,0,0.0,0,0,0,0.0,0,0
2021-07-30,mobile_app,facebook_stories,All,17.0,17.0,"0,08",0,0,0,0.0,0,0,0,0.0,0,0
2021-07-30,mobile_app,facebook_stories,facebook,17.0,17.0,"0,08",0,0,0,0.0,0,0,0,0.0,0,0
2021-07-30,mobile_app,messenger_inbox,All,30.0,30.0,"0,07",0,0,0,0.0,0,0,0,0.0,0,0
2021-07-30,mobile_app,messenger_inbox,messenger,30.0,30.0,"0,07",0,0,0,0.0,0,0,0,0.0,0,0
2021-07-30,mobile_app,instagram_explore,All,333.0,333.0,"1,19","3,00","2,00",0,0.0,0,0,0,0.0,0,0
2021-07-30,mobile_app,instagram_explore,instagram,333.0,333.0,"1,19","3,00","2,00",0,0.0,0,0,0,0.0,0,0
2021-07-30,mobile_app,feed,All,9676.0,12274.0,"72,38","166,00","124,00","4,00",0.0,"28,00","2299,30","22,00",0.0,"475,10","4,00"
2021-07-30,mobile_app,feed,facebook,6220.0,7609.0,"42,28","129,00","90,00","4,00",0.0,"22,00","1664,50","17,00",0.0,"475,10","4,00"
2021-07-30,mobile_app,feed,instagram,4364.0,4665.0,"30,10","37,00","34,00",0,0.0,"6,00","634,80","5,00",0.0,0,0
2021-07-30,mobile_app,instagram_stories,All,3204.0,3241.0,"8,12","18,00","15,00",0,0.0,0,0,0,0.0,0,0
2021-07-30,mobile_app,instagram_stories,instagram,3204.0,3241.0,"8,12","18,00","15,00",0,0.0,0,0,0,0.0,0,0
2021-07-30,mobile_app,instant_article,All,8.0,8.0,"0,04",0,0,0,0.0,0,0,0,0.0,0,0
2021-07-30,mobile_app,instant_article,facebook,8.0,8.0,"0,04",0,0,0,0.0,0,0,0,0.0,0,0
2021-07-30,mobile_app,marketplace,All,14.0,14.0,"0,03","2,00",0,0,0.0,0,0,0,0.0,0,0
2021-07-30,mobile_app,marketplace,facebook,14.0,14.0,"0,03","2,00",0,0,0.0,0,0,0,0.0,0,0
2021-07-29,All,All,All,10968.0,14099.0,"79,94","173,00","132,00","5,00",0.0,"35,00","3131,31","24,00",0.0,"475,00","5,00"
2021-07-29,desktop,All,All,276.0,283.0,"2,29","3,00","3,00",0,0.0,"3,00","269,40","2,00",0.0,0,0
2021-07-29,desktop,right_hand_column,All,12.0,14.0,"0,02",0,0,0,0.0,0,0,0,0.0,0,0
2021-07-29,desktop,right_hand_column,facebook,12.0,14.0,"0,02",0,0,0,0.0,0,0,0,0.0,0,0
2021-07-29,desktop,feed,All,269.0,269.0,"2,27","3,00","3,00",0,0.0,"3,00","269,40","2,00",0.0,0,0
2021-07-29,desktop,feed,facebook,269.0,269.0,"2,27","3,00","3,00",0,0.0,"3,00","269,40","2,00",0.0,0,0
2021-07-29,mobile_app,All,All,10648.0,13660.0,"77,03","169,00","129,00","5,00",0.0,"32,00","2861,91","22,00",0.0,"475,00","5,00"
2021-07-29,mobile_app,messenger_inbox,All,10.0,10.0,"0,04",0,0,0,0.0,0,0,0,0.0,0,0
2021-07-29,mobile_app,messenger_inbox,messenger,10.0,10.0,"0,04",0,0,0,0.0,0,0,0,0.0,0,0
2021-07-29,mobile_app,marketplace,All,8.0,13.0,"0,08",0,0,0,0.0,0,0,0,0.0,0,0
2021-07-29,mobile_app,marketplace,facebook,8.0,13.0,"0,08",0,0,0,0.0,0,0,0,0.0,0,0
2021-07-29,mobile_app,instant_article,All,3.0,3.0,0,0,0,0,0.0,0,0,0,0.0,0,0
2021-07-29,mobile_app,instant_article,facebook,3.0,3.0,0,0,0,0,0.0,0,0,0,0.0,0,0
2021-07-29,mobile_app,instream_video,All,2.0,2.0,0,0,0,0,0.0,0,0,0,0.0,0,0
2021-07-29,mobile_app,instream_video,facebook,2.0,2.0,0,0,0,0,0.0,0,0,0,0.0,0,0
2021-07-29,mobile_app,facebook_stories,All,8.0,11.0,"0,04",0,0,0,0.0,0,0,0,0.0,0,0
2021-07-29,mobile_app,facebook_stories,facebook,8.0,11.0,"0,04",0,0,0,0.0,0,0,0,0.0,0,0
2021-07-29,mobile_app,feed,All,8588.0,10910.0,"67,79","154,00","117,00","5,00",0.0,"29,00","2741,20","20,00",0.0,"475,00","5,00"
2021-07-29,mobile_app,feed,facebook,5316.0,6575.0,"38,66","116,00","82,00","5,00",0.0,"25,00","2286,40","16,00",0.0,"475,00","5,00"
2021-07-29,mobile_app,feed,instagram,4168.0,4335.0,"29,13","38,00","35,00",0,0.0,"4,00","454,80","4,00",0.0,0,0
2021-07-29,mobile_app,instagram_stories,All,1748.0,1907.0,"6,06","10,00","10,00",0,0.0,"2,00","56,81","1,00",0.0,0,0
2021-07-29,mobile_app,instagram_stories,instagram,1748.0,1907.0,"6,06","10,00","10,00",0,0.0,"2,00","56,81","1,00",0.0,0,0
2021-07-29,mobile_app,video_feeds,All,364.0,454.0,"1,62","4,00","2,00",0,0.0,"1,00","63,90","1,00",0.0,0,0
2021-07-29,mobile_app,video_feeds,facebook,364.0,454.0,"1,62","4,00","2,00",0,0.0,"1,00","63,90","1,00",0.0,0,0
2021-07-29,mobile_app,instagram_explore,All,348.0,350.0,"1,40","1,00",0,0,0.0,0,0,0,0.0,0,0
2021-07-29,mobile_app,instagram_explore,instagram,348.0,350.0,"1,40","1,00",0,0,0.0,0,0,0,0.0,0,0
2021-07-29,mobile_web,All,All,124.0,156.0,"0,62","1,00",0,0,0.0,0,0,0,0.0,0,0
2021-07-29,mobile_web,feed,All,124.0,156.0,"0,62","1,00",0,0,0.0,0,0,0,0.0,0,0
2021-07-29,mobile_web,feed,facebook,124.0,156.0,"0,62","1,00",0,0,0.0,0,0,0,0.0,0,0
2021-07-28,All,All,All,8270.0,11589.0,"78,28","212,00","161,00","13,00",0.0,"84,00","7937,10","61,00",0.0,"1428,30","13,00"
2021-07-28,mobile_web,All,All,66.0,99.0,"0,51","1,00","1,00",0,0.0,0,0,0,0.0,0,0
2021-07-28,mobile_web,feed,All,66.0,99.0,"0,51","1,00","1,00",0,0.0,0,0,0,0.0,0,0
2021-07-28,mobile_web,feed,facebook,66.0,99.0,"0,51","1,00","1,00",0,0.0,0,0,0,0.0,0,0
2021-07-28,desktop,All,All,170.0,214.0,"1,81","2,00","2,00",0,0.0,"4,00","547,10","2,00",0.0,0,0
2021-07-28,desktop,feed,All,168.0,208.0,"1,81","2,00","2,00",0,0.0,"4,00","547,10","2,00",0.0,0,0
2021-07-28,desktop,feed,facebook,168.0,208.0,"1,81","2,00","2,00",0,0.0,"4,00","547,10","2,00",0.0,0,0
2021-07-28,desktop,right_hand_column,All,6.0,6.0,0,0,0,0,0.0,0,0,0,0.0,0,0
2021-07-28,desktop,right_hand_column,facebook,6.0,6.0,0,0,0,0,0.0,0,0,0,0.0,0,0
2021-07-28,mobile_app,All,All,8096.0,11276.0,"75,96","209,00","158,00","13,00",0.0,"80,00","7390,00","59,00",0.0,"1428,30","13,00"
2021-07-28,mobile_app,instream_video,All,4.0,4.0,"0,03",0,0,0,0.0,0,0,0,0.0,0,0
2021-07-28,mobile_app,instream_video,facebook,4.0,4.0,"0,03",0,0,0,0.0,0,0,0,0.0,0,0
2021-07-28,mobile_app,feed,All,6868.0,9646.0,"68,90","192,00","143,00","10,00",0.0,"61,00","5593,50","48,00",0.0,"1080,90","10,00"
2021-07-28,mobile_app,feed,instagram,3432.0,3835.0,"28,58","46,00","43,00","3,00",0.0,"35,00","4089,30","29,00",0.0,"409,20","3,00"
2021-07-28,mobile_app,feed,facebook,4206.0,5811.0,"40,32","146,00","100,00","7,00",0.0,"26,00","1504,20","19,00",0.0,"671,70","7,00"
2021-07-28,mobile_app,video_feeds,All,246.0,246.0,"0,85","7,00","6,00","1,00",0.0,"5,00","515,20","2,00",0.0,"147,80","1,00"
2021-07-28,mobile_app,video_feeds,facebook,246.0,246.0,"0,85","7,00","6,00","1,00",0.0,"5,00","515,20","2,00",0.0,"147,80","1,00"
2021-07-28,mobile_app,instagram_explore,All,250.0,262.0,"1,14","2,00","2,00",0,0.0,"2,00","191,70","1,00",0.0,0,0
2021-07-28,mobile_app,instagram_explore,instagram,250.0,262.0,"1,14","2,00","2,00",0,0.0,"2,00","191,70","1,00",0.0,0,0
2021-07-28,mobile_app,messenger_stories,All,1.0,1.0,"0,02",0,0,0,0.0,0,0,0,0.0,0,0
2021-07-28,mobile_app,messenger_stories,messenger,1.0,1.0,"0,02",0,0,0,0.0,0,0,0,0.0,0,0
2021-07-28,mobile_app,facebook_stories,All,3.0,3.0,"0,01",0,0,0,0.0,0,0,0,0.0,0,0
2021-07-28,mobile_app,facebook_stories,facebook,3.0,3.0,"0,01",0,0,0,0.0,0,0,0,0.0,0,0
2021-07-28,mobile_app,instagram_stories,All,1036.0,1103.0,"4,94","8,00","7,00","2,00",0.0,"12,00","1089,60","8,00",0.0,"199,60","2,00"
2021-07-28,mobile_app,instagram_stories,instagram,1036.0,1103.0,"4,94","8,00","7,00","2,00",0.0,"12,00","1089,60","8,00",0.0,"199,60","2,00"
2021-07-28,mobile_app,instant_article,All,2.0,3.0,"0,03",0,0,0,0.0,0,0,0,0.0,0,0
2021-07-28,mobile_app,instant_article,facebook,2.0,3.0,"0,03",0,0,0,0.0,0,0,0,0.0,0,0
2021-07-28,mobile_app,messenger_inbox,All,4.0,5.0,0,0,0,0,0.0,0,0,0,0.0,0,0
2021-07-28,mobile_app,messenger_inbox,messenger,4.0,5.0,0,0,0,0,0.0,0,0,0,0.0,0,0
2021-07-28,mobile_app,marketplace,All,3.0,3.0,"0,04",0,0,0,0.0,0,0,0,0.0,0,0
2021-07-28,mobile_app,marketplace,facebook,3.0,3.0,"0,04",0,0,0,0.0,0,0,0,0.0,0,0
2021-07-27,All,All,All,11512.0,13312.0,"56,95","88,00","67,00","9,00",0.0,"102,00","10598,46","63,00",0.0,"1090,01","9,00"
2021-07-27,mobile_web,All,All,124.0,142.0,"0,35","1,00","1,00",0,0.0,0,0,0,0.0,0,0
2021-07-27,mobile_web,feed,All,124.0,142.0,"0,35","1,00","1,00",0,0.0,0,0,0,0.0,0,0
2021-07-27,mobile_web,feed,facebook,124.0,142.0,"0,35","1,00","1,00",0,0.0,0,0,0,0.0,0,0
2021-07-27,mobile_app,All,All,11156.0,12717.0,"54,00","82,00","61,00","9,00",0.0,"94,00","9481,46","61,00",0.0,"1090,01","9,00"
2021-07-27,mobile_app,messenger_inbox,All,11.0,11.0,"0,04",0,0,0,0.0,0,0,0,0.0,0,0
2021-07-27,mobile_app,messenger_inbox,messenger,11.0,11.0,"0,04",0,0,0,0.0,0,0,0,0.0,0,0
2021-07-27,mobile_app,marketplace,All,8.0,12.0,"0,03",0,0,0,0.0,0,0,0,0.0,0,0
2021-07-27,mobile_app,marketplace,facebook,8.0,12.0,"0,03",0,0,0,0.0,0,0,0,0.0,0,0
2021-07-27,mobile_app,video_feeds,All,24.0,43.0,"0,13",0,0,0,0.0,0,0,0,0.0,0,0
2021-07-27,mobile_app,video_feeds,facebook,24.0,43.0,"0,13",0,0,0,0.0,0,0,0,0.0,0,0
2021-07-27,mobile_app,instream_video,All,8.0,9.0,"0,03",0,0,0,0.0,0,0,0,0.0,0,0
2021-07-27,mobile_app,instream_video,facebook,8.0,9.0,"0,03",0,0,0,0.0,0,0,0,0.0,0,0
2021-07-27,mobile_app,facebook_stories,All,19.0,19.0,"0,06",0,0,0,0.0,0,0,0,0.0,0,0
2021-07-27,mobile_app,facebook_stories,facebook,19.0,19.0,"0,06",0,0,0,0.0,0,0,0,0.0,0,0
2021-07-27,mobile_app,instagram_stories,All,2540.0,2571.0,"10,48","7,00","6,00","1,00",0.0,"9,00","646,90","7,00",0.0,"65,90","1,00"
2021-07-27,mobile_app,instagram_stories,instagram,2540.0,2571.0,"10,48","7,00","6,00","1,00",0.0,"9,00","646,90","7,00",0.0,"65,90","1,00"
2021-07-27,mobile_app,instagram_explore,All,276.0,281.0,"1,42","1,00",0,0,0.0,0,0,0,0.0,0,0
2021-07-27,mobile_app,instagram_explore,instagram,276.0,281.0,"1,42","1,00",0,0,0.0,0,0,0,0.0,0,0
2021-07-27,mobile_app,feed,All,8464.0,9771.0,"41,81","74,00","55,00","8,00",0.0,"85,00","8834,56","54,00",0.0,"1024,11","8,00"
2021-07-27,mobile_app,feed,instagram,4744.0,4990.0,"20,73","33,00","26,00","1,00",0.0,"13,00","1019,90","9,00",0.0,"89,80","1,00"
2021-07-27,mobile_app,feed,facebook,4184.0,4781.0,"21,08","41,00","29,00","7,00",0.0,"72,00","7814,66","45,00",0.0,"934,31","7,00"
2021-07-27,desktop,All,All,324.0,453.0,"2,60","5,00","5,00",0,0.0,"8,00","1117,00","2,00",0.0,0,0
2021-07-27,desktop,right_hand_column,All,56.0,127.0,"0,12",0,0,0,0.0,0,0,0,0.0,0,0
2021-07-27,desktop,right_hand_column,facebook,56.0,127.0,"0,12",0,0,0,0.0,0,0,0,0.0,0,0
2021-07-27,desktop,feed,All,288.0,326.0,"2,48","5,00","5,00",0,0.0,"8,00","1117,00","2,00",0.0,0,0
2021-07-27,desktop,feed,facebook,288.0,326.0,"2,48","5,00","5,00",0,0.0,"8,00","1117,00","2,00",0.0,0,0
2021-07-26,All,All,All,21276.0,26410.0,"100,25","176,00","129,00","8,00",0.0,"59,00","5166,40","41,00",0.0,"820,20","8,00"
2021-07-26,mobile_web,All,All,212.0,268.0,"0,97",0,0,"1,00",0.0,0,0,0,0.0,"69,80","1,00"
2021-07-26,mobile_web,feed,All,212.0,268.0,"0,97",0,0,"1,00",0.0,0,0,0,0.0,"69,80","1,00"
2021-07-26,mobile_web,feed,facebook,212.0,268.0,"0,97",0,0,"1,00",0.0,0,0,0,0.0,"69,80","1,00"
2021-07-26,mobile_app,All,All,20788.0,25541.0,"95,26","168,00","127,00","7,00",0.0,"52,00","4588,20","38,00",0.0,"750,40","7,00"
2021-07-26,mobile_app,video_feeds,All,96.0,96.0,"0,18",0,0,0,0.0,0,0,0,0.0,0,0
2021-07-26,mobile_app,video_feeds,facebook,96.0,96.0,"0,18",0,0,0,0.0,0,0,0,0.0,0,0
2021-07-26,mobile_app,facebook_stories,All,36.0,38.0,"0,13",0,0,0,0.0,0,0,0,0.0,0,0
2021-07-26,mobile_app,facebook_stories,facebook,36.0,38.0,"0,13",0,0,0,0.0,0,0,0,0.0,0,0
2021-07-26,mobile_app,instream_video,All,4.0,12.0,"0,02",0,0,0,0.0,0,0,0,0.0,0,0
2021-07-26,mobile_app,instream_video,facebook,4.0,12.0,"0,02",0,0,0,0.0,0,0,0,0.0,0,0
2021-07-26,mobile_app,messenger_inbox,All,0.0,9.0,"0,02",0,0,0,0.0,0,0,0,0.0,0,0
2021-07-26,mobile_app,messenger_inbox,messenger,0.0,9.0,"0,02",0,0,0,0.0,0,0,0,0.0,0,0
2021-07-26,mobile_app,instagram_stories,All,4420.0,4670.0,"11,28","10,00","10,00",0,0.0,"2,00","139,70","2,00",0.0,0,0
2021-07-26,mobile_app,instagram_stories,instagram,4420.0,4670.0,"11,28","10,00","10,00",0,0.0,"2,00","139,70","2,00",0.0,0,0
2021-07-26,mobile_app,marketplace,All,25.0,25.0,"0,03","1,00",0,0,0.0,0,0,0,0.0,0,0
2021-07-26,mobile_app,marketplace,facebook,25.0,25.0,"0,03","1,00",0,0,0.0,0,0,0,0.0,0,0
2021-07-26,mobile_app,instagram_explore,All,732.0,738.0,"1,80","2,00","2,00",0,0.0,0,0,0,0.0,0,0
2021-07-26,mobile_app,instagram_explore,instagram,732.0,738.0,"1,80","2,00","2,00",0,0.0,0,0,0,0.0,0,0
2021-07-26,mobile_app,feed,All,16132.0,19953.0,"81,80","155,00","115,00","7,00",0.0,"50,00","4448,50","36,00",0.0,"750,40","7,00"
2021-07-26,mobile_app,feed,facebook,8840.0,10887.0,"43,95","107,00","71,00","4,00",0.0,"26,00","1944,60","18,00",0.0,"411,10","4,00"
2021-07-26,mobile_app,feed,instagram,8528.0,9066.0,"37,85","48,00","44,00","3,00",0.0,"24,00","2503,90","18,00",0.0,"339,30","3,00"
2021-07-26,desktop,All,All,440.0,601.0,"4,02","8,00","2,00",0,0.0,"7,00","578,20","3,00",0.0,0,0
2021-07-26,desktop,right_hand_column,All,64.0,133.0,"0,25","1,00",0,0,0.0,0,0,0,0.0,0,0
2021-07-26,desktop,right_hand_column,facebook,64.0,133.0,"0,25","1,00",0,0,0.0,0,0,0,0.0,0,0
2021-07-26,desktop,feed,All,412.0,468.0,"3,77","7,00","2,00",0,0.0,"7,00","578,20","3,00",0.0,0,0
2021-07-26,desktop,feed,facebook,412.0,468.0,"3,77","7,00","2,00",0,0.0,"7,00","578,20","3,00",0.0,0,0
2021-07-25,All,All,All,21836.0,27487.0,"98,18","156,00","126,00","5,00",0.0,"94,00","11937,00","50,00",0.0,"625,31","5,00"
2021-07-25,desktop,All,All,340.0,457.0,"2,66","11,00","11,00",0,0.0,"16,00","3603,00","8,00",0.0,0,0
2021-07-25,desktop,feed,All,324.0,362.0,"2,49","10,00","10,00",0,0.0,"16,00","3603,00","8,00",0.0,0,0
2021-07-25,desktop,feed,facebook,324.0,362.0,"2,49","10,00","10,00",0,0.0,"16,00","3603,00","8,00",0.0,0,0
2021-07-25,desktop,right_hand_column,All,48.0,95.0,"0,17","1,00","1,00",0,0.0,0,0,0,0.0,0,0
2021-07-25,desktop,right_hand_column,facebook,48.0,95.0,"0,17","1,00","1,00",0,0.0,0,0,0,0.0,0,0
2021-07-25,mobile_web,All,All,264.0,345.0,"1,37","4,00","3,00",0,0.0,0,0,0,0.0,0,0
2021-07-25,mobile_web,feed,All,264.0,345.0,"1,37","4,00","3,00",0,0.0,0,0,0,0.0,0,0
2021-07-25,mobile_web,feed,facebook,264.0,345.0,"1,37","4,00","3,00",0,0.0,0,0,0,0.0,0,0
2021-07-25,mobile_app,All,All,21420.0,26685.0,"94,15","141,00","112,00","5,00",0.0,"78,00","8334,00","42,00",0.0,"625,31","5,00"
2021-07-25,mobile_app,instant_article,All,1.0,1.0,0,0,0,0,0.0,0,0,0,0.0,0,0
2021-07-25,mobile_app,instant_article,facebook,1.0,1.0,0,0,0,0,0.0,0,0,0,0.0,0,0
2021-07-25,mobile_app,instream_video,All,19.0,19.0,"0,03",0,0,0,0.0,0,0,0,0.0,0,0
2021-07-25,mobile_app,instream_video,facebook,19.0,19.0,"0,03",0,0,0,0.0,0,0,0,0.0,0,0
2021-07-25,mobile_app,video_feeds,All,68.0,74.0,"0,19",0,0,0,0.0,0,0,0,0.0,0,0
2021-07-25,mobile_app,video_feeds,facebook,68.0,74.0,"0,19",0,0,0,0.0,0,0,0,0.0,0,0
2021-07-25,mobile_app,marketplace,All,0.0,3.0,"0,02",0,0,0,0.0,0,0,0,0.0,0,0
2021-07-25,mobile_app,marketplace,facebook,0.0,3.0,"0,02",0,0,0,0.0,0,0,0,0.0,0,0
2021-07-25,mobile_app,messenger_inbox,All,4.0,4.0,0,0,0,0,0.0,0,0,0,0.0,0,0
2021-07-25,mobile_app,messenger_inbox,messenger,4.0,4.0,0,0,0,0,0.0,0,0,0,0.0,0,0
2021-07-25,mobile_app,instagram_stories,All,4708.0,4803.0,"8,95","7,00","6,00",0,0.0,"6,00","506,90","2,00",0.0,0,0
2021-07-25,mobile_app,instagram_stories,instagram,4708.0,4803.0,"8,95","7,00","6,00",0,0.0,"6,00","506,90","2,00",0.0,0,0
2021-07-25,mobile_app,facebook_stories,All,32.0,35.0,"0,07",0,0,0,0.0,0,0,0,0.0,0,0
2021-07-25,mobile_app,facebook_stories,facebook,32.0,35.0,"0,07",0,0,0,0.0,0,0,0,0.0,0,0
2021-07-25,mobile_app,instagram_explore,All,593.0,593.0,"1,33","4,00","3,00",0,0.0,0,0,0,0.0,0,0
2021-07-25,mobile_app,instagram_explore,instagram,593.0,593.0,"1,33","4,00","3,00",0,0.0,0,0,0,0.0,0,0
2021-07-25,mobile_app,feed,All,16548.0,21153.0,"83,56","130,00","103,00","5,00",0.0,"72,00","7827,10","40,00",0.0,"625,31","5,00"
2021-07-25,mobile_app,feed,facebook,8676.0,11475.0,"49,11","90,00","67,00","4,00",0.0,"36,00","3728,50","23,00",0.0,"555,41","4,00"
2021-07-25,mobile_app,feed,instagram,9184.0,9678.0,"34,45","40,00","36,00","1,00",0.0,"36,00","4098,60","17,00",0.0,"69,90","1,00"
2021-07-24,All,All,All,20288.0,24841.0,"96,65","179,00","148,00","5,00",0.0,"88,00","9832,21","51,00",0.0,"977,53","5,00"
2021-07-24,mobile_app,All,All,20144.0,24466.0,"94,93","176,00","145,00","5,00",0.0,"88,00","9832,21","51,00",0.0,"977,53","5,00"
2021-07-24,mobile_app,feed,All,13372.0,16765.0,"76,95","147,00","119,00","5,00",0.0,"85,00","9712,61","49,00",0.0,"977,53","5,00"
2021-07-24,mobile_app,feed,instagram,8856.0,9283.0,"40,87","78,00","74,00","3,00",0.0,"60,00","7349,21","28,00",0.0,"459,63","3,00"
2021-07-24,mobile_app,feed,facebook,5916.0,7482.0,"36,08","69,00","45,00","2,00",0.0,"25,00","2363,40","21,00",0.0,"517,90","2,00"
2021-07-24,mobile_app,instagram_stories,All,6920.0,7168.0,"16,48","28,00","25,00",0,0.0,"3,00","119,60","2,00",0.0,0,0
2021-07-24,mobile_app,instagram_stories,instagram,6920.0,7168.0,"16,48","28,00","25,00",0,0.0,"3,00","119,60","2,00",0.0,0,0
2021-07-24,mobile_app,instant_article,All,0.0,1.0,"0,01",0,0,0,0.0,0,0,0,0.0,0,0
2021-07-24,mobile_app,instant_article,facebook,0.0,1.0,"0,01",0,0,0,0.0,0,0,0,0.0,0,0
2021-07-24,mobile_app,instagram_explore,All,388.0,409.0,"1,00","1,00","1,00",0,0.0,0,0,0,0.0,0,0
2021-07-24,mobile_app,instagram_explore,instagram,388.0,409.0,"1,00","1,00","1,00",0,0.0,0,0,0,0.0,0,0
2021-07-24,mobile_app,instream_video,All,12.0,13.0,"0,05",0,0,0,0.0,0,0,0,0.0,0,0
2021-07-24,mobile_app,instream_video,facebook,12.0,13.0,"0,05",0,0,0,0.0,0,0,0,0.0,0,0
2021-07-24,mobile_app,messenger_inbox,All,8.0,14.0,"0,07",0,0,0,0.0,0,0,0,0.0,0,0
2021-07-24,mobile_app,messenger_inbox,messenger,8.0,14.0,"0,07",0,0,0,0.0,0,0,0,0.0,0,0
2021-07-24,mobile_app,marketplace,All,10.0,10.0,"0,06",0,0,0,0.0,0,0,0,0.0,0,0
2021-07-24,mobile_app,marketplace,facebook,10.0,10.0,"0,06",0,0,0,0.0,0,0,0,0.0,0,0
2021-07-24,mobile_app,video_feeds,All,41.0,41.0,"0,09",0,0,0,0.0,0,0,0,0.0,0,0
2021-07-24,mobile_app,video_feeds,facebook,41.0,41.0,"0,09",0,0,0,0.0,0,0,0,0.0,0,0
2021-07-24,mobile_app,facebook_stories,All,28.0,45.0,"0,22",0,0,0,0.0,0,0,0,0.0,0,0
2021-07-24,mobile_app,facebook_stories,facebook,28.0,45.0,"0,22",0,0,0,0.0,0,0,0,0.0,0,0
2021-07-24,desktop,All,All,144.0,208.0,"1,04","3,00","3,00",0,0.0,0,0,0,0.0,0,0
2021-07-24,desktop,marketplace,All,0.0,1.0,0,0,0,0,0.0,0,0,0,0.0,0,0
2021-07-24,desktop,marketplace,facebook,0.0,1.0,0,0,0,0,0.0,0,0,0,0.0,0,0
2021-07-24,desktop,right_hand_column,All,32.0,42.0,"0,08",0,0,0,0.0,0,0,0,0.0,0,0
2021-07-24,desktop,right_hand_column,facebook,32.0,42.0,"0,08",0,0,0,0.0,0,0,0,0.0,0,0
2021-07-24,desktop,feed,All,132.0,165.0,"0,96","3,00","3,00",0,0.0,0,0,0,0.0,0,0
2021-07-24,desktop,feed,facebook,132.0,165.0,"0,96","3,00","3,00",0,0.0,0,0,0,0.0,0,0
2021-07-24,mobile_web,All,All,92.0,167.0,"0,68",0,0,0,0.0,0,0,0,0.0,0,0
2021-07-24,mobile_web,feed,All,92.0,167.0,"0,68",0,0,0,0.0,0,0,0,0.0,0,0
2021-07-24,mobile_web,feed,facebook,92.0,167.0,"0,68",0,0,0,0.0,0,0,0,0.0,0,0
2021-07-23,All,All,All,17572.0,23818.0,"104,29","185,00","152,00","5,00",0.0,"90,00","7814,01","58,00",0.0,"557,10","5,00"
2021-07-23,desktop,All,All,184.0,232.0,"1,53","2,00","1,00",0,0.0,0,0,0,0.0,0,0
2021-07-23,desktop,feed,All,176.0,200.0,"1,46","2,00","1,00",0,0.0,0,0,0,0.0,0,0
2021-07-23,desktop,feed,facebook,176.0,200.0,"1,46","2,00","1,00",0,0.0,0,0,0,0.0,0,0
2021-07-23,desktop,marketplace,All,1.0,1.0,0,0,0,0,0.0,0,0,0,0.0,0,0
2021-07-23,desktop,marketplace,facebook,1.0,1.0,0,0,0,0,0.0,0,0,0,0.0,0,0
2021-07-23,desktop,right_hand_column,All,16.0,31.0,"0,07",0,0,0,0.0,0,0,0,0.0,0,0
2021-07-23,desktop,right_hand_column,facebook,16.0,31.0,"0,07",0,0,0,0.0,0,0,0,0.0,0,0
2021-07-23,mobile_app,All,All,17348.0,23350.0,"101,84","181,00","149,00","5,00",0.0,"90,00","7814,01","58,00",0.0,"557,10","5,00"
2021-07-23,mobile_app,instagram_explore,All,552.0,586.0,"1,88","3,00","1,00",0,0.0,0,0,0,0.0,0,0
2021-07-23,mobile_app,instagram_explore,instagram,552.0,586.0,"1,88","3,00","1,00",0,0.0,0,0,0,0.0,0,0
2021-07-23,mobile_app,feed,All,13356.0,18256.0,"88,08","163,00","135,00","5,00",0.0,"78,00","6719,20","51,00",0.0,"557,10","5,00"
2021-07-23,mobile_app,feed,facebook,8268.0,11303.0,"50,71","110,00","84,00","3,00",0.0,"37,00","2664,20","30,00",0.0,"241,70","3,00"
2021-07-23,mobile_app,feed,instagram,6600.0,6953.0,"37,37","53,00","51,00","2,00",0.0,"41,00","4055,00","21,00",0.0,"315,40","2,00"
2021-07-23,mobile_app,instagram_stories,All,4032.0,4241.0,"10,99","15,00","13,00",0,0.0,"11,00","1044,91","6,00",0.0,0,0
2021-07-23,mobile_app,instagram_stories,instagram,4032.0,4241.0,"10,99","15,00","13,00",0,0.0,"11,00","1044,91","6,00",0.0,0,0
2021-07-23,mobile_app,video_feeds,All,196.0,196.0,"0,59",0,0,0,0.0,"1,00","49,90","1,00",0.0,0,0
2021-07-23,mobile_app,video_feeds,facebook,196.0,196.0,"0,59",0,0,0,0.0,"1,00","49,90","1,00",0.0,0,0
2021-07-23,mobile_app,facebook_stories,All,32.0,42.0,"0,20",0,0,0,0.0,0,0,0,0.0,0,0
2021-07-23,mobile_app,facebook_stories,facebook,32.0,42.0,"0,20",0,0,0,0.0,0,0,0,0.0,0,0
2021-07-23,mobile_app,instream_video,All,16.0,16.0,"0,05",0,0,0,0.0,0,0,0,0.0,0,0
2021-07-23,mobile_app,instream_video,facebook,16.0,16.0,"0,05",0,0,0,0.0,0,0,0,0.0,0,0
2021-07-23,mobile_app,instant_article,All,0.0,1.0,0,0,0,0,0.0,0,0,0,0.0,0,0
2021-07-23,mobile_app,instant_article,facebook,0.0,1.0,0,0,0,0,0.0,0,0,0,0.0,0,0
2021-07-23,mobile_app,messenger_inbox,All,4.0,6.0,0,0,0,0,0.0,0,0,0,0.0,0,0
2021-07-23,mobile_app,messenger_inbox,messenger,4.0,6.0,0,0,0,0,0.0,0,0,0,0.0,0,0
2021-07-23,mobile_app,marketplace,All,6.0,6.0,"0,05",0,0,0,0.0,0,0,0,0.0,0,0
2021-07-23,mobile_app,marketplace,facebook,6.0,6.0,"0,05",0,0,0,0.0,0,0,0,0.0,0,0
2021-07-23,mobile_web,All,All,172.0,236.0,"0,92","2,00","2,00",0,0.0,0,0,0,0.0,0,0
2021-07-23,mobile_web,feed,All,172.0,236.0,"0,92","2,00","2,00",0,0.0,0,0,0,0.0,0,0
2021-07-23,mobile_web,feed,facebook,172.0,236.0,"0,92","2,00","2,00",0,0.0,0,0,0,0.0,0,0
2021-07-22,All,All,All,16852.0,22128.0,"96,71","163,00","131,00","3,00",0.0,"39,00","3830,00","26,00",0.0,"381,81","3,00"
2021-07-22,mobile_app,All,All,16556.0,21558.0,"94,15","163,00","131,00","3,00",0.0,"39,00","3830,00","26,00",0.0,"381,81","3,00"
2021-07-22,mobile_app,instream_video,All,0.0,1.0,"0,01",0,0,0,0.0,0,0,0,0.0,0,0
2021-07-22,mobile_app,instream_video,facebook,0.0,1.0,"0,01",0,0,0,0.0,0,0,0,0.0,0,0
2021-07-22,mobile_app,instagram_stories,All,1952.0,2066.0,"5,08","6,00","5,00",0,0.0,"1,00","39,90","1,00",0.0,0,0
2021-07-22,mobile_app,instagram_stories,instagram,1952.0,2066.0,"5,08","6,00","5,00",0,0.0,"1,00","39,90","1,00",0.0,0,0
2021-07-22,mobile_app,feed,All,14468.0,18616.0,"86,52","151,00","120,00","2,00",0.0,"30,00","2992,30","21,00",0.0,"272,11","2,00"
2021-07-22,mobile_app,feed,instagram,4980.0,5073.0,"30,32","45,00","46,00",0,0.0,"13,00","1675,60","8,00",0.0,0,0
2021-07-22,mobile_app,feed,facebook,10308.0,13543.0,"56,20","106,00","74,00","2,00",0.0,"17,00","1316,70","13,00",0.0,"272,11","2,00"
2021-07-22,mobile_app,marketplace,All,3.0,3.0,"0,01",0,0,0,0.0,0,0,0,0.0,0,0
2021-07-22,mobile_app,marketplace,facebook,3.0,3.0,"0,01",0,0,0,0.0,0,0,0,0.0,0,0
2021-07-22,mobile_app,instant_article,All,2.0,2.0,"0,01",0,0,0,0.0,0,0,0,0.0,0,0
2021-07-22,mobile_app,instant_article,facebook,2.0,2.0,"0,01",0,0,0,0.0,0,0,0,0.0,0,0
2021-07-22,mobile_app,facebook_stories,All,36.0,37.0,"0,21",0,0,0,0.0,0,0,0,0.0,0,0
2021-07-22,mobile_app,facebook_stories,facebook,36.0,37.0,"0,21",0,0,0,0.0,0,0,0,0.0,0,0
2021-07-22,mobile_app,video_feeds,All,336.0,340.0,"0,86","1,00","1,00",0,0.0,0,0,0,0.0,0,0
2021-07-22,mobile_app,video_feeds,facebook,336.0,340.0,"0,86","1,00","1,00",0,0.0,0,0,0,0.0,0,0
2021-07-22,mobile_app,instagram_explore,All,493.0,493.0,"1,45","5,00","5,00","1,00",0.0,"8,00","797,80","4,00",0.0,"109,70","1,00"
2021-07-22,mobile_app,instagram_explore,instagram,493.0,493.0,"1,45","5,00","5,00","1,00",0.0,"8,00","797,80","4,00",0.0,"109,70","1,00"
2021-07-22,mobile_web,All,All,216.0,304.0,"0,90",0,0,0,0.0,0,0,0,0.0,0,0
2021-07-22,mobile_web,feed,All,216.0,304.0,"0,90",0,0,0,0.0,0,0,0,0.0,0,0
2021-07-22,mobile_web,feed,facebook,216.0,304.0,"0,90",0,0,0,0.0,0,0,0,0.0,0,0
2021-07-22,desktop,All,All,192.0,266.0,"1,66",0,0,0,0.0,0,0,0,0.0,0,0
2021-07-22,desktop,feed,All,192.0,266.0,"1,66",0,0,0,0.0,0,0,0,0.0,0,0
2021-07-22,desktop,feed,facebook,192.0,266.0,"1,66",0,0,0,0.0,0,0,0,0.0,0,0
2021-07-21,All,All,All,16588.0,21226.0,"94,68","168,00","130,00","3,00",0.0,"39,00","3441,70","24,00",0.0,"309,10","3,00"
2021-07-21,desktop,All,All,224.0,266.0,"1,76","2,00","2,00",0,0.0,"1,00","39,90","1,00",0.0,0,0
2021-07-21,desktop,feed,All,224.0,266.0,"1,76","2,00","2,00",0,0.0,"1,00","39,90","1,00",0.0,0,0
2021-07-21,desktop,feed,facebook,224.0,266.0,"1,76","2,00","2,00",0,0.0,"1,00","39,90","1,00",0.0,0,0
2021-07-21,mobile_web,All,All,176.0,251.0,"0,91","2,00","2,00",0,0.0,0,0,0,0.0,0,0
2021-07-21,mobile_web,feed,All,176.0,251.0,"0,91","2,00","2,00",0,0.0,0,0,0,0.0,0,0
2021-07-21,mobile_web,feed,facebook,176.0,251.0,"0,91","2,00","2,00",0,0.0,0,0,0,0.0,0,0
2021-07-21,mobile_app,All,All,16264.0,20709.0,"92,01","164,00","126,00","3,00",0.0,"38,00","3401,80","23,00",0.0,"309,10","3,00"
2021-07-21,mobile_app,instream_video,All,0.0,1.0,0,0,0,0,0.0,0,0,0,0.0,0,0
2021-07-21,mobile_app,instream_video,facebook,0.0,1.0,0,0,0,0,0.0,0,0,0,0.0,0,0
2021-07-21,mobile_app,video_feeds,All,329.0,329.0,"0,79","1,00",0,0,0.0,0,0,0,0.0,0,0
2021-07-21,mobile_app,video_feeds,facebook,329.0,329.0,"0,79","1,00",0,0,0.0,0,0,0,0.0,0,0
2021-07-21,mobile_app,marketplace,All,4.0,4.0,"0,02",0,0,0,0.0,0,0,0,0.0,0,0
2021-07-21,mobile_app,marketplace,facebook,4.0,4.0,"0,02",0,0,0,0.0,0,0,0,0.0,0,0
2021-07-21,mobile_app,instagram_stories,All,1292.0,1412.0,"2,13","2,00","2,00",0,0.0,"3,00","309,40","2,00",0.0,0,0
2021-07-21,mobile_app,instagram_stories,instagram,1292.0,1412.0,"2,13","2,00","2,00",0,0.0,"3,00","309,40","2,00",0.0,0,0
2021-07-21,mobile_app,facebook_stories,All,8.0,17.0,"0,11","1,00","1,00",0,0.0,0,0,0,0.0,0,0
2021-07-21,mobile_app,facebook_stories,facebook,8.0,17.0,"0,11","1,00","1,00",0,0.0,0,0,0,0.0,0,0
2021-07-21,mobile_app,instagram_explore,All,420.0,448.0,"1,33","1,00","1,00",0,0.0,"1,00","29,90","1,00",0.0,0,0
2021-07-21,mobile_app,instagram_explore,instagram,420.0,448.0,"1,33","1,00","1,00",0,0.0,"1,00","29,90","1,00",0.0,0,0
2021-07-21,mobile_app,feed,All,14628.0,18498.0,"87,63","159,00","122,00","3,00",0.0,"34,00","3062,50","20,00",0.0,"309,10","3,00"
2021-07-21,mobile_app,feed,instagram,6584.0,6768.0,"33,88","58,00","49,00","1,00",0.0,"11,00","928,30","10,00",0.0,"29,90","1,00"
2021-07-21,mobile_app,feed,facebook,9092.0,11730.0,"53,75","101,00","73,00","2,00",0.0,"23,00","2134,20","10,00",0.0,"279,20","2,00"
2021-07-20,All,All,All,16264.0,20593.0,"99,43","166,00","130,00","10,00",0.0,"94,00","16970,81","51,00",0.0,"1783,31","10,00"
2021-07-20,desktop,All,All,168.0,239.0,"2,35","2,00","2,00",0,0.0,"2,00","119,70","1,00",0.0,0,0
2021-07-20,desktop,right_hand_column,All,12.0,47.0,"0,09",0,0,0,0.0,0,0,0,0.0,0,0
2021-07-20,desktop,right_hand_column,facebook,12.0,47.0,"0,09",0,0,0,0.0,0,0,0,0.0,0,0
2021-07-20,desktop,feed,All,164.0,192.0,"2,26","2,00","2,00",0,0.0,"2,00","119,70","1,00",0.0,0,0
2021-07-20,desktop,feed,facebook,164.0,192.0,"2,26","2,00","2,00",0,0.0,"2,00","119,70","1,00",0.0,0,0
2021-07-20,mobile_web,All,All,148.0,200.0,"0,88","2,00","1,00",0,0.0,0,0,0,0.0,0,0
2021-07-20,mobile_web,feed,All,148.0,200.0,"0,88","2,00","1,00",0,0.0,0,0,0,0.0,0,0
2021-07-20,mobile_web,feed,facebook,148.0,200.0,"0,88","2,00","1,00",0,0.0,0,0,0,0.0,0,0
2021-07-20,mobile_app,All,All,16032.0,20154.0,"96,20","162,00","127,00","10,00",0.0,"92,00","16851,11","50,00",0.0,"1783,31","10,00"
2021-07-20,mobile_app,instream_video,All,8.0,8.0,"0,10",0,0,0,0.0,0,0,0,0.0,0,0
2021-07-20,mobile_app,instream_video,facebook,8.0,8.0,"0,10",0,0,0,0.0,0,0,0,0.0,0,0
2021-07-20,mobile_app,video_feeds,All,124.0,134.0,"0,37",0,0,0,0.0,0,0,0,0.0,0,0
2021-07-20,mobile_app,video_feeds,facebook,124.0,134.0,"0,37",0,0,0,0.0,0,0,0,0.0,0,0
2021-07-20,mobile_app,messenger_inbox,All,0.0,1.0,0,0,0,0,0.0,0,0,0,0.0,0,0
2021-07-20,mobile_app,messenger_inbox,messenger,0.0,1.0,0,0,0,0,0.0,0,0,0,0.0,0,0
2021-07-20,mobile_app,marketplace,All,4.0,7.0,"0,02",0,0,0,0.0,0,0,0,0.0,0,0
2021-07-20,mobile_app,marketplace,facebook,4.0,7.0,"0,02",0,0,0,0.0,0,0,0,0.0,0,0
2021-07-20,mobile_app,instant_article,All,4.0,7.0,"0,07",0,0,0,0.0,0,0,0,0.0,0,0
2021-07-20,mobile_app,instant_article,facebook,4.0,7.0,"0,07",0,0,0,0.0,0,0,0,0.0,0,0
2021-07-20,mobile_app,an_classic,All,0.0,2.0,"0,01",0,0,0,0.0,0,0,0,0.0,0,0
2021-07-20,mobile_app,an_classic,audience_network,0.0,2.0,"0,01",0,0,0,0.0,0,0,0,0.0,0,0
2021-07-20,mobile_app,facebook_stories,All,15.0,15.0,"0,05",0,0,0,0.0,0,0,0,0.0,0,0
2021-07-20,mobile_app,facebook_stories,facebook,15.0,15.0,"0,05",0,0,0,0.0,0,0,0,0.0,0,0
2021-07-20,mobile_app,instagram_stories,All,4824.0,5047.0,"13,31","13,00","11,00",0,0.0,"2,00","119,80","2,00",0.0,0,0
2021-07-20,mobile_app,instagram_stories,instagram,4824.0,5047.0,"13,31","13,00","11,00",0,0.0,"2,00","119,80","2,00",0.0,0,0
2021-07-20,mobile_app,feed,All,11272.0,14660.0,"81,23","148,00","115,00","10,00",0.0,"90,00","16731,31","48,00",0.0,"1783,31","10,00"
2021-07-20,mobile_app,feed,instagram,5788.0,6237.0,"34,73","52,00","47,00","1,00",0.0,"19,00","1578,61","14,00",0.0,"198,80","1,00"
2021-07-20,mobile_app,feed,facebook,6596.0,8423.0,"46,50","96,00","68,00","9,00",0.0,"71,00","15152,70","34,00",0.0,"1584,51","9,00"
2021-07-20,mobile_app,instagram_explore,All,232.0,273.0,"1,04","1,00","1,00",0,0.0,0,0,0,0.0,0,0
2021-07-20,mobile_app,instagram_explore,instagram,232.0,273.0,"1,04","1,00","1,00",0,0.0,0,0,0,0.0,0,0
2021-07-19,All,All,All,19148.0,25714.0,"117,15","231,00","179,00","8,00",0.0,"106,00","13551,90","68,00",0.0,"608,40","8,00"
2021-07-19,desktop,All,All,168.0,243.0,"1,80","2,00","1,00",0,0.0,"4,00","618,40","3,00",0.0,0,0
2021-07-19,desktop,feed,All,168.0,217.0,"1,78","2,00","1,00",0,0.0,"4,00","618,40","3,00",0.0,0,0
2021-07-19,desktop,feed,facebook,168.0,217.0,"1,78","2,00","1,00",0,0.0,"4,00","618,40","3,00",0.0,0,0
2021-07-19,desktop,right_hand_column,All,0.0,26.0,"0,02",0,0,0,0.0,0,0,0,0.0,0,0
2021-07-19,desktop,right_hand_column,facebook,0.0,26.0,"0,02",0,0,0,0.0,0,0,0,0.0,0,0
2021-07-19,mobile_app,All,All,18944.0,25275.0,"114,66","227,00","176,00","8,00",0.0,"102,00","12933,50","65,00",0.0,"608,40","8,00"
2021-07-19,mobile_app,instream_video,All,13.0,13.0,"0,04",0,0,0,0.0,0,0,0,0.0,0,0
2021-07-19,mobile_app,instream_video,facebook,13.0,13.0,"0,04",0,0,0,0.0,0,0,0,0.0,0,0
2021-07-19,mobile_app,instagram_stories,All,4904.0,4904.0,"10,07","13,00","10,00",0,0.0,0,0,0,0.0,0,0
2021-07-19,mobile_app,instagram_stories,instagram,4904.0,4904.0,"10,07","13,00","10,00",0,0.0,0,0,0,0.0,0,0
2021-07-19,mobile_app,facebook_stories,All,4.0,9.0,"0,10",0,0,0,0.0,0,0,0,0.0,0,0
2021-07-19,mobile_app,facebook_stories,facebook,4.0,9.0,"0,10",0,0,0,0.0,0,0,0,0.0,0,0
2021-07-19,mobile_app,messenger_stories,All,0.0,1.0,0,0,0,0,0.0,0,0,0,0.0,0,0
2021-07-19,mobile_app,messenger_stories,messenger,0.0,1.0,0,0,0,0,0.0,0,0,0,0.0,0,0
2021-07-19,mobile_app,instant_article,All,4.0,4.0,"0,01",0,0,0,0.0,0,0,0,0.0,0,0
2021-07-19,mobile_app,instant_article,facebook,4.0,4.0,"0,01",0,0,0,0.0,0,0,0,0.0,0,0
2021-07-19,mobile_app,marketplace,All,20.0,20.0,"0,05",0,0,0,0.0,0,0,0,0.0,0,0
2021-07-19,mobile_app,marketplace,facebook,20.0,20.0,"0,05",0,0,0,0.0,0,0,0,0.0,0,0
2021-07-19,mobile_app,messenger_inbox,All,8.0,16.0,"0,08",0,0,0,0.0,0,0,0,0.0,0,0
2021-07-19,mobile_app,messenger_inbox,messenger,8.0,16.0,"0,08",0,0,0,0.0,0,0,0,0.0,0,0
2021-07-19,mobile_app,instagram_explore,All,604.0,611.0,"1,66",0,0,0,0.0,0,0,0,0.0,0,0
2021-07-19,mobile_app,instagram_explore,instagram,604.0,611.0,"1,66",0,0,0,0.0,0,0,0,0.0,0,0
2021-07-19,mobile_app,video_feeds,All,324.0,354.0,"0,85","1,00","1,00",0,0.0,0,0,0,0.0,0,0
2021-07-19,mobile_app,video_feeds,facebook,324.0,354.0,"0,85","1,00","1,00",0,0.0,0,0,0,0.0,0,0
2021-07-19,mobile_app,feed,All,13756.0,19343.0,"101,80","213,00","165,00","8,00",0.0,"102,00","12933,50","65,00",0.0,"608,40","8,00"
2021-07-19,mobile_app,feed,facebook,8008.0,11433.0,"60,38","132,00","100,00","7,00",0.0,"66,00","7338,70","40,00",0.0,"558,50","7,00"
2021-07-19,mobile_app,feed,instagram,7360.0,7910.0,"41,42","81,00","65,00","1,00",0.0,"36,00","5594,80","25,00",0.0,"49,90","1,00"
2021-07-19,mobile_web,All,All,128.0,196.0,"0,69","2,00","2,00",0,0.0,0,0,0,0.0,0,0
2021-07-19,mobile_web,feed,All,128.0,196.0,"0,69","2,00","2,00",0,0.0,0,0,0,0.0,0,0
2021-07-19,mobile_web,feed,facebook,128.0,196.0,"0,69","2,00","2,00",0,0.0,0,0,0,0.0,0,0
2021-07-18,All,All,All,36200.0,48430.0,"196,33","373,00","303,00","3,00",0.0,"80,00","10160,21","50,00",0.0,"321,70","3,00"
2021-07-18,desktop,All,All,408.0,485.0,"3,12","3,00","3,00",0,0.0,0,0,0,0.0,0,0
2021-07-18,desktop,feed,All,408.0,466.0,"3,10","3,00","3,00",0,0.0,0,0,0,0.0,0,0
2021-07-18,desktop,feed,facebook,408.0,466.0,"3,10","3,00","3,00",0,0.0,0,0,0,0.0,0,0
2021-07-18,desktop,right_hand_column,All,8.0,19.0,"0,02",0,0,0,0.0,0,0,0,0.0,0,0
2021-07-18,desktop,right_hand_column,facebook,8.0,19.0,"0,02",0,0,0,0.0,0,0,0,0.0,0,0
2021-07-18,mobile_app,All,All,35704.0,47566.0,"191,79","368,00","299,00","3,00",0.0,"80,00","10160,21","50,00",0.0,"321,70","3,00"
2021-07-18,mobile_app,video_feeds,All,926.0,926.0,"1,89","2,00","2,00",0,0.0,0,0,0,0.0,0,0
2021-07-18,mobile_app,video_feeds,facebook,926.0,926.0,"1,89","2,00","2,00",0,0.0,0,0,0,0.0,0,0
2021-07-18,mobile_app,instagram_stories,All,3816.0,4016.0,"8,31","6,00","5,00",0,0.0,"15,00","2573,60","9,00",0.0,0,0
2021-07-18,mobile_app,instagram_stories,instagram,3816.0,4016.0,"8,31","6,00","5,00",0,0.0,"15,00","2573,60","9,00",0.0,0,0
2021-07-18,mobile_app,feed,All,30560.0,40902.0,"177,12","348,00","282,00","3,00",0.0,"52,00","4401,71","39,00",0.0,"321,70","3,00"
2021-07-18,mobile_app,feed,facebook,16480.0,22713.0,"85,36","191,00","142,00","2,00",0.0,"26,00","1785,70","21,00",0.0,"246,00","2,00"
2021-07-18,mobile_app,feed,instagram,16920.0,18189.0,"91,76","157,00","140,00","1,00",0.0,"26,00","2616,01","18,00",0.0,"75,70","1,00"
2021-07-18,mobile_app,instagram_explore,All,1368.0,1615.0,"4,21","12,00","10,00",0,0.0,"13,00","3184,90","2,00",0.0,0,0
2021-07-18,mobile_app,instagram_explore,instagram,1368.0,1615.0,"4,21","12,00","10,00",0,0.0,"13,00","3184,90","2,00",0.0,0,0
2021-07-18,mobile_app,instream_video,All,0.0,3.0,"0,01",0,0,0,0.0,0,0,0,0.0,0,0
2021-07-18,mobile_app,instream_video,facebook,0.0,3.0,"0,01",0,0,0,0.0,0,0,0,0.0,0,0
2021-07-18,mobile_app,messenger_inbox,All,8.0,13.0,"0,03",0,0,0,0.0,0,0,0,0.0,0,0
2021-07-18,mobile_app,messenger_inbox,messenger,8.0,13.0,"0,03",0,0,0,0.0,0,0,0,0.0,0,0
2021-07-18,mobile_app,instant_article,All,16.0,16.0,"0,02",0,0,0,0.0,0,0,0,0.0,0,0
2021-07-18,mobile_app,instant_article,facebook,16.0,16.0,"0,02",0,0,0,0.0,0,0,0,0.0,0,0
2021-07-18,mobile_app,facebook_stories,All,16.0,34.0,"0,10",0,0,0,0.0,0,0,0,0.0,0,0
2021-07-18,mobile_app,facebook_stories,facebook,16.0,34.0,"0,10",0,0,0,0.0,0,0,0,0.0,0,0
2021-07-18,mobile_app,marketplace,All,16.0,39.0,"0,09",0,0,0,0.0,0,0,0,0.0,0,0
2021-07-18,mobile_app,marketplace,facebook,16.0,39.0,"0,09",0,0,0,0.0,0,0,0,0.0,0,0
2021-07-18,mobile_app,messenger_stories,All,0.0,2.0,"0,01",0,0,0,0.0,0,0,0,0.0,0,0
2021-07-18,mobile_app,messenger_stories,messenger,0.0,2.0,"0,01",0,0,0,0.0,0,0,0,0.0,0,0
2021-07-18,mobile_web,All,All,304.0,379.0,"1,42","2,00","1,00",0,0.0,0,0,0,0.0,0,0
2021-07-18,mobile_web,feed,All,304.0,379.0,"1,42","2,00","1,00",0,0.0,0,0,0,0.0,0,0
2021-07-18,mobile_web,feed,facebook,304.0,379.0,"1,42","2,00","1,00",0,0.0,0,0,0,0.0,0,0
2021-07-17,All,All,All,37216.0,49688.0,"192,42","417,00","332,00","11,00",0.0,"160,00","14712,51","101,00",0.0,"1178,41","11,00"
2021-07-17,desktop,All,All,160.0,270.0,"1,31","1,00","1,00",0,0.0,"9,00","1117,10","3,00",0.0,0,0
2021-07-17,desktop,feed,All,160.0,249.0,"1,29","1,00","1,00",0,0.0,"9,00","1117,10","3,00",0.0,0,0
2021-07-17,desktop,feed,facebook,160.0,249.0,"1,29","1,00","1,00",0,0.0,"9,00","1117,10","3,00",0.0,0,0
2021-07-17,desktop,right_hand_column,All,0.0,21.0,"0,02",0,0,0,0.0,0,0,0,0.0,0,0
2021-07-17,desktop,right_hand_column,facebook,0.0,21.0,"0,02",0,0,0,0.0,0,0,0,0.0,0,0
2021-07-17,mobile_web,All,All,280.0,380.0,"1,14","4,00","4,00",0,0.0,0,0,0,0.0,0,0
2021-07-17,mobile_web,feed,All,280.0,380.0,"1,14","4,00","4,00",0,0.0,0,0,0,0.0,0,0
2021-07-17,mobile_web,feed,facebook,280.0,380.0,"1,14","4,00","4,00",0,0.0,0,0,0,0.0,0,0
2021-07-17,mobile_app,All,All,36912.0,49038.0,"189,97","412,00","327,00","11,00",0.0,"151,00","13595,41","98,00",0.0,"1178,41","11,00"
2021-07-17,mobile_app,facebook_stories,All,64.0,64.0,"0,50","3,00","3,00","2,00",0.0,"3,00","179,60","2,00",0.0,"79,80","2,00"
2021-07-17,mobile_app,facebook_stories,facebook,64.0,64.0,"0,50","3,00","3,00","2,00",0.0,"3,00","179,60","2,00",0.0,"79,80","2,00"
2021-07-17,mobile_app,feed,All,27224.0,38172.0,"169,25","375,00","294,00","8,00",0.0,"145,00","13136,31","94,00",0.0,"949,01","8,00"
2021-07-17,mobile_app,feed,facebook,14232.0,21074.0,"81,63","212,00","145,00","2,00",0.0,"83,00","7999,71","54,00",0.0,"220,61","2,00"
2021-07-17,mobile_app,feed,instagram,16312.0,17098.0,"87,62","163,00","149,00","6,00",0.0,"62,00","5136,60","40,00",0.0,"728,40","6,00"
2021-07-17,mobile_app,instagram_explore,All,1800.0,1901.0,"4,17","12,00","11,00","1,00",0.0,0,0,0,0.0,"149,60","1,00"
2021-07-17,mobile_app,instagram_explore,instagram,1800.0,1901.0,"4,17","12,00","11,00","1,00",0.0,0,0,0,0.0,"149,60","1,00"
2021-07-17,mobile_app,video_feeds,All,995.0,995.0,"2,12","3,00","2,00",0,0.0,"3,00","279,50","2,00",0.0,0,0
2021-07-17,mobile_app,video_feeds,facebook,995.0,995.0,"2,12","3,00","2,00",0,0.0,"3,00","279,50","2,00",0.0,0,0
2021-07-17,mobile_app,instagram_stories,All,7849.0,7849.0,"13,72","19,00","17,00",0,0.0,0,0,0,0.0,0,0
2021-07-17,mobile_app,instagram_stories,instagram,7849.0,7849.0,"13,72","19,00","17,00",0,0.0,0,0,0,0.0,0,0
2021-07-17,mobile_app,messenger_stories,All,2.0,2.0,"0,02",0,0,0,0.0,0,0,0,0.0,0,0
2021-07-17,mobile_app,messenger_stories,messenger,2.0,2.0,"0,02",0,0,0,0.0,0,0,0,0.0,0,0
2021-07-17,mobile_app,instream_video,All,3.0,3.0,"0,02",0,0,0,0.0,0,0,0,0.0,0,0
2021-07-17,mobile_app,instream_video,facebook,3.0,3.0,"0,02",0,0,0,0.0,0,0,0,0.0,0,0
2021-07-17,mobile_app,marketplace,All,16.0,24.0,"0,11",0,0,0,0.0,0,0,0,0.0,0,0
2021-07-17,mobile_app,marketplace,facebook,16.0,24.0,"0,11",0,0,0,0.0,0,0,0,0.0,0,0
2021-07-17,mobile_app,instant_article,All,0.0,12.0,"0,02",0,0,0,0.0,0,0,0,0.0,0,0
2021-07-17,mobile_app,instant_article,facebook,0.0,12.0,"0,02",0,0,0,0.0,0,0,0,0.0,0,0
2021-07-17,mobile_app,messenger_inbox,All,16.0,16.0,"0,04",0,0,0,0.0,0,0,0,0.0,0,0
2021-07-17,mobile_app,messenger_inbox,messenger,16.0,16.0,"0,04",0,0,0,0.0,0,0,0,0.0,0,0
2021-07-16,All,All,All,34424.0,48901.0,"207,95","528,00","406,00","12,00",0.0,"192,00","21953,60","117,00",0.0,"1606,00","12,00"
2021-07-16,mobile_app,All,All,34032.0,48202.0,"204,79","523,00","403,00","12,00",0.0,"189,00","21684,40","115,00",0.0,"1606,00","12,00"
2021-07-16,mobile_app,instagram_explore,All,856.0,903.0,"2,53","4,00","4,00","2,00",0.0,"8,00","648,00","4,00",0.0,"299,20","2,00"
2021-07-16,mobile_app,instagram_explore,instagram,856.0,903.0,"2,53","4,00","4,00","2,00",0.0,"8,00","648,00","4,00",0.0,"299,20","2,00"
2021-07-16,mobile_app,feed,All,26792.0,39493.0,"190,11","498,00","382,00","7,00",0.0,"170,00","19530,70","104,00",0.0,"889,40","7,00"
2021-07-16,mobile_app,feed,facebook,18312.0,26679.0,"123,47","374,00","271,00","6,00",0.0,"120,00","14515,20","72,00",0.0,"739,70","6,00"
2021-07-16,mobile_app,feed,instagram,11712.0,12814.0,"66,64","124,00","111,00","1,00",0.0,"50,00","5015,50","32,00",0.0,"149,70","1,00"
2021-07-16,mobile_app,instagram_stories,All,6296.0,6379.0,"8,11","14,00","11,00","2,00",0.0,0,0,0,0.0,"198,00","2,00"
2021-07-16,mobile_app,instagram_stories,instagram,6296.0,6379.0,"8,11","14,00","11,00","2,00",0.0,0,0,0,0.0,"198,00","2,00"
2021-07-16,mobile_app,instream_video,All,0.0,2.0,"0,02","1,00","1,00",0,0.0,0,0,0,0.0,0,0
2021-07-16,mobile_app,instream_video,facebook,0.0,2.0,"0,02","1,00","1,00",0,0.0,0,0,0,0.0,0,0
2021-07-16,mobile_app,video_feeds,All,1152.0,1309.0,"3,51","6,00","5,00","1,00",0.0,"11,00","1505,70","7,00",0.0,"219,40","1,00"
2021-07-16,mobile_app,video_feeds,facebook,1152.0,1309.0,"3,51","6,00","5,00","1,00",0.0,"11,00","1505,70","7,00",0.0,"219,40","1,00"
2021-07-16,mobile_app,messenger_inbox,All,8.0,19.0,"0,04",0,0,0,0.0,0,0,0,0.0,0,0
2021-07-16,mobile_app,messenger_inbox,messenger,8.0,19.0,"0,04",0,0,0,0.0,0,0,0,0.0,0,0
2021-07-16,mobile_app,messenger_stories,All,0.0,4.0,"0,02",0,0,0,0.0,0,0,0,0.0,0,0
2021-07-16,mobile_app,messenger_stories,messenger,0.0,4.0,"0,02",0,0,0,0.0,0,0,0,0.0,0,0
2021-07-16,mobile_app,facebook_stories,All,17.0,17.0,"0,15",0,0,0,0.0,0,0,0,0.0,0,0
2021-07-16,mobile_app,facebook_stories,facebook,17.0,17.0,"0,15",0,0,0,0.0,0,0,0,0.0,0,0
2021-07-16,mobile_app,instant_article,All,14.0,14.0,"0,04",0,0,0,0.0,0,0,0,0.0,0,0
2021-07-16,mobile_app,instant_article,facebook,14.0,14.0,"0,04",0,0,0,0.0,0,0,0,0.0,0,0
2021-07-16,mobile_app,marketplace,All,16.0,62.0,"0,26",0,0,0,0.0,0,0,0,0.0,0,0
2021-07-16,mobile_app,marketplace,facebook,16.0,62.0,"0,26",0,0,0,0.0,0,0,0,0.0,0,0
2021-07-16,mobile_web,All,All,296.0,433.0,"1,57","2,00",0,0,0.0,0,0,0,0.0,0,0
2021-07-16,mobile_web,feed,All,296.0,433.0,"1,57","2,00",0,0,0.0,0,0,0,0.0,0,0
2021-07-16,mobile_web,feed,facebook,296.0,433.0,"1,57","2,00",0,0,0.0,0,0,0,0.0,0,0
2021-07-16,desktop,All,All,216.0,266.0,"1,59","3,00","3,00",0,0.0,"3,00","269,20","2,00",0.0,0,0
2021-07-16,desktop,feed,All,216.0,257.0,"1,58","3,00","3,00",0,0.0,"3,00","269,20","2,00",0.0,0,0
2021-07-16,desktop,feed,facebook,216.0,257.0,"1,58","3,00","3,00",0,0.0,"3,00","269,20","2,00",0.0,0,0
2021-07-16,desktop,right_hand_column,All,0.0,9.0,"0,01",0,0,0,0.0,0,0,0,0.0,0,0
2021-07-16,desktop,right_hand_column,facebook,0.0,9.0,"0,01",0,0,0,0.0,0,0,0,0.0,0,0
2021-07-15,All,All,All,25952.0,39361.0,"189,60","541,00","439,00","15,00",0.0,"164,00","17313,70","101,00",0.0,"2004,51","15,00"
2021-07-15,mobile_app,All,All,25624.0,38656.0,"185,07","534,00","433,00","14,00",0.0,"157,00","16745,00","94,00",0.0,"1914,61","14,00"
2021-07-15,mobile_app,facebook_stories,All,9.0,9.0,"0,02",0,0,0,0.0,0,0,0,0.0,0,0
2021-07-15,mobile_app,facebook_stories,facebook,9.0,9.0,"0,02",0,0,0,0.0,0,0,0,0.0,0,0
2021-07-15,mobile_app,instagram_explore,All,625.0,625.0,"1,58","3,00","3,00",0,0.0,"2,00","99,80","2,00",0.0,0,0
2021-07-15,mobile_app,instagram_explore,instagram,625.0,625.0,"1,58","3,00","3,00",0,0.0,"2,00","99,80","2,00",0.0,0,0
2021-07-15,mobile_app,marketplace,All,8.0,27.0,"0,15","1,00",0,0,0.0,0,0,0,0.0,0,0
2021-07-15,mobile_app,marketplace,facebook,8.0,27.0,"0,15","1,00",0,0,0.0,0,0,0,0.0,0,0
2021-07-15,mobile_app,messenger_stories,All,0.0,1.0,"0,02",0,0,0,0.0,0,0,0,0.0,0,0
2021-07-15,mobile_app,messenger_stories,messenger,0.0,1.0,"0,02",0,0,0,0.0,0,0,0,0.0,0,0
2021-07-15,mobile_app,instagram_stories,All,1760.0,1946.0,"4,77","11,00","9,00",0,0.0,"1,00","29,90","1,00",0.0,0,0
2021-07-15,mobile_app,instagram_stories,instagram,1760.0,1946.0,"4,77","11,00","9,00",0,0.0,"1,00","29,90","1,00",0.0,0,0
2021-07-15,mobile_app,feed,All,23104.0,35108.0,"176,69","512,00","415,00","14,00",0.0,"153,00","16565,40","90,00",0.0,"1914,61","14,00"
2021-07-15,mobile_app,feed,instagram,9552.0,11019.0,"56,97","125,00","115,00","5,00",0.0,"59,00","6045,20","29,00",0.0,"718,21","5,00"
2021-07-15,mobile_app,feed,facebook,16936.0,24089.0,"119,72","387,00","300,00","9,00",0.0,"94,00","10520,20","61,00",0.0,"1196,40","9,00"
2021-07-15,mobile_app,video_feeds,All,927.0,927.0,"1,82","7,00","6,00",0,0.0,"1,00","49,90","1,00",0.0,0,0
2021-07-15,mobile_app,video_feeds,facebook,927.0,927.0,"1,82","7,00","6,00",0,0.0,"1,00","49,90","1,00",0.0,0,0
2021-07-15,mobile_app,instream_video,All,2.0,2.0,"0,01",0,0,0,0.0,0,0,0,0.0,0,0
2021-07-15,mobile_app,instream_video,facebook,2.0,2.0,"0,01",0,0,0,0.0,0,0,0,0.0,0,0
2021-07-15,mobile_app,messenger_inbox,All,0.0,8.0,"0,01",0,0,0,0.0,0,0,0,0.0,0,0
2021-07-15,mobile_app,messenger_inbox,messenger,0.0,8.0,"0,01",0,0,0,0.0,0,0,0,0.0,0,0
2021-07-15,mobile_app,instant_article,All,3.0,3.0,0,0,0,0,0.0,0,0,0,0.0,0,0
2021-07-15,mobile_app,instant_article,facebook,3.0,3.0,0,0,0,0,0.0,0,0,0,0.0,0,0
2021-07-15,mobile_web,All,All,256.0,359.0,"1,40","3,00","3,00",0,0.0,0,0,0,0.0,0,0
2021-07-15,mobile_web,feed,All,256.0,359.0,"1,40","3,00","3,00",0,0.0,0,0,0,0.0,0,0
2021-07-15,mobile_web,feed,facebook,256.0,359.0,"1,40","3,00","3,00",0,0.0,0,0,0,0.0,0,0
2021-07-15,desktop,All,All,312.0,346.0,"3,13","4,00","3,00","1,00",0.0,"7,00","568,70","7,00",0.0,"89,90","1,00"
2021-07-15,desktop,feed,All,304.0,332.0,"3,11","4,00","3,00","1,00",0.0,"7,00","568,70","7,00",0.0,"89,90","1,00"
2021-07-15,desktop,feed,facebook,304.0,332.0,"3,11","4,00","3,00","1,00",0.0,"7,00","568,70","7,00",0.0,"89,90","1,00"
2021-07-15,desktop,right_hand_column,All,13.0,13.0,"0,02",0,0,0,0.0,0,0,0,0.0,0,0
2021-07-15,desktop,right_hand_column,facebook,13.0,13.0,"0,02",0,0,0,0.0,0,0,0,0.0,0,0
2021-07-15,desktop,marketplace,All,1.0,1.0,0,0,0,0,0.0,0,0,0,0.0,0,0
2021-07-15,desktop,marketplace,facebook,1.0,1.0,0,0,0,0,0.0,0,0,0,0.0,0,0
2021-07-14,All,All,All,15436.0,23475.0,"94,33","346,00","288,00","19,00",0.0,"158,00","15839,30","88,00",0.0,"2019,41","19,00"
2021-07-14,mobile_app,All,All,15216.0,23070.0,"92,49","341,00","283,00","19,00",0.0,"150,00","14782,00","84,00",0.0,"2019,41","19,00"
2021-07-14,mobile_app,feed,All,12984.0,20088.0,"86,62","326,00","270,00","17,00",0.0,"135,00","13685,50","77,00",0.0,"1780,11","17,00"
2021-07-14,mobile_app,feed,facebook,10376.0,15688.0,"67,38","285,00","232,00","14,00",0.0,"124,00","12957,00","68,00",0.0,"1524,61","14,00"
2021-07-14,mobile_app,feed,instagram,3836.0,4400.0,"19,24","41,00","38,00","3,00",0.0,"11,00","728,50","9,00",0.0,"255,50","3,00"
2021-07-14,mobile_app,facebook_stories,All,4.0,6.0,0,0,0,0,0.0,0,0,0,0.0,0,0
2021-07-14,mobile_app,facebook_stories,facebook,4.0,6.0,0,0,0,0,0.0,0,0,0,0.0,0,0
2021-07-14,mobile_app,messenger_stories,All,0.0,1.0,"0,01",0,0,0,0.0,0,0,0,0.0,0,0
2021-07-14,mobile_app,messenger_stories,messenger,0.0,1.0,"0,01",0,0,0,0.0,0,0,0,0.0,0,0
2021-07-14,mobile_app,marketplace,All,12.0,16.0,"0,03","1,00","1,00",0,0.0,0,0,0,0.0,0,0
2021-07-14,mobile_app,marketplace,facebook,12.0,16.0,"0,03","1,00","1,00",0,0.0,0,0,0,0.0,0,0
2021-07-14,mobile_app,video_feeds,All,1172.0,1301.0,"2,62","4,00","3,00",0,0.0,"3,00","119,60","2,00",0.0,0,0
2021-07-14,mobile_app,video_feeds,facebook,1172.0,1301.0,"2,62","4,00","3,00",0,0.0,"3,00","119,60","2,00",0.0,0,0
2021-07-14,mobile_app,instagram_stories,All,1044.0,1134.0,"2,06","5,00","5,00",0,0.0,0,0,0,0.0,0,0
2021-07-14,mobile_app,instagram_stories,instagram,1044.0,1134.0,"2,06","5,00","5,00",0,0.0,0,0,0,0.0,0,0
2021-07-14,mobile_app,instagram_explore,All,524.0,524.0,"1,15","5,00","4,00","2,00",0.0,"12,00","976,90","5,00",0.0,"239,30","2,00"
2021-07-14,mobile_app,instagram_explore,instagram,524.0,524.0,"1,15","5,00","4,00","2,00",0.0,"12,00","976,90","5,00",0.0,"239,30","2,00"
2021-07-14,desktop,All,All,152.0,206.0,"1,30","4,00","4,00",0,0.0,"8,00","1057,30","4,00",0.0,0,0
2021-07-14,desktop,feed,All,152.0,206.0,"1,30","4,00","4,00",0,0.0,"8,00","1057,30","4,00",0.0,0,0
2021-07-14,desktop,feed,facebook,152.0,206.0,"1,30","4,00","4,00",0,0.0,"8,00","1057,30","4,00",0.0,0,0
2021-07-14,mobile_web,All,All,140.0,199.0,"0,54","1,00","1,00",0,0.0,0,0,0,0.0,0,0
2021-07-14,mobile_web,feed,All,140.0,199.0,"0,54","1,00","1,00",0,0.0,0,0,0,0.0,0,0
2021-07-14,mobile_web,feed,facebook,140.0,199.0,"0,54","1,00","1,00",0,0.0,0,0,0,0.0,0,0
2021-07-13,All,All,All,5886.0,6670.0,"32,17","118,00","92,00","3,00",0.0,"40,00","3451,30","27,00",0.0,"309,20","3,00"
2021-07-13,mobile_app,All,All,5834.0,6601.0,"31,81","116,00","90,00","3,00",0.0,"39,00","3421,40","26,00",0.0,"309,20","3,00"
2021-07-13,mobile_app,instagram_explore,All,78.0,91.0,"0,28","3,00","2,00","1,00",0.0,"8,00","618,00","3,00",0.0,"139,60","1,00"
2021-07-13,mobile_app,instagram_explore,instagram,78.0,91.0,"0,28","3,00","2,00","1,00",0.0,"8,00","618,00","3,00",0.0,"139,60","1,00"
2021-07-13,mobile_app,instant_article,All,4.0,4.0,0,0,0,0,0.0,0,0,0,0.0,0,0
2021-07-13,mobile_app,instant_article,facebook,4.0,4.0,0,0,0,0,0.0,0,0,0,0.0,0,0
2021-07-13,mobile_app,facebook_stories,All,6.0,6.0,"0,04",0,0,0,0.0,0,0,0,0.0,0,0
2021-07-13,mobile_app,facebook_stories,facebook,6.0,6.0,"0,04",0,0,0,0.0,0,0,0,0.0,0,0
2021-07-13,mobile_app,feed,All,4892.0,5562.0,"29,36","109,00","84,00","1,00",0.0,"26,00","2354,60","20,00",0.0,"49,90","1,00"
2021-07-13,mobile_app,feed,instagram,2764.0,2796.0,"12,37","40,00","36,00",0,0.0,"4,00","199,60","4,00",0.0,0,0
2021-07-13,mobile_app,feed,facebook,2500.0,2766.0,"16,99","69,00","48,00","1,00",0.0,"22,00","2155,00","16,00",0.0,"49,90","1,00"
2021-07-13,mobile_app,instagram_stories,All,712.0,734.0,"1,64","4,00","4,00","1,00",0.0,"5,00","448,80","3,00",0.0,"119,70","1,00"
2021-07-13,mobile_app,instagram_stories,instagram,712.0,734.0,"1,64","4,00","4,00","1,00",0.0,"5,00","448,80","3,00",0.0,"119,70","1,00"
2021-07-13,mobile_app,marketplace,All,2.0,2.0,0,0,0,0,0.0,0,0,0,0.0,0,0
2021-07-13,mobile_app,marketplace,facebook,2.0,2.0,0,0,0,0,0.0,0,0,0,0.0,0,0
2021-07-13,mobile_app,video_feeds,All,202.0,202.0,"0,49",0,0,0,0.0,0,0,0,0.0,0,0
2021-07-13,mobile_app,video_feeds,facebook,202.0,202.0,"0,49",0,0,0,0.0,0,0,0,0.0,0,0
2021-07-13,mobile_web,All,All,34.0,45.0,"0,17",0,0,0,0.0,0,0,0,0.0,0,0
2021-07-13,mobile_web,feed,All,34.0,45.0,"0,17",0,0,0,0.0,0,0,0,0.0,0,0
2021-07-13,mobile_web,feed,facebook,34.0,45.0,"0,17",0,0,0,0.0,0,0,0,0.0,0,0
2021-07-13,desktop,All,All,24.0,24.0,"0,19","2,00","2,00",0,0.0,"1,00","29,90","1,00",0.0,0,0
2021-07-13,desktop,feed,All,22.0,22.0,"0,19","2,00","2,00",0,0.0,"1,00","29,90","1,00",0.0,0,0
2021-07-13,desktop,feed,facebook,22.0,22.0,"0,19","2,00","2,00",0,0.0,"1,00","29,90","1,00",0.0,0,0
2021-07-13,desktop,right_hand_column,All,2.0,2.0,0,0,0,0,0.0,0,0,0,0.0,0,0
2021-07-13,desktop,right_hand_column,facebook,2.0,2.0,0,0,0,0,0.0,0,0,0,0.0,0,0
2021-07-12,All,All,All,0.0,0.0,0,0,0,"2,00",0.0,"23,00","2243,90","14,00",0.0,"349,10","2,00"
2021-07-12,mobile_app,All,All,0.0,0.0,0,0,0,"2,00",0.0,"23,00","2243,90","14,00",0.0,"349,10","2,00"
2021-07-12,mobile_app,feed,All,0.0,0.0,0,0,0,"2,00",0.0,"23,00","2243,90","14,00",0.0,"349,10","2,00"
2021-07-12,mobile_app,feed,instagram,0.0,0.0,0,0,0,"1,00",0.0,"14,00","1376,30","11,00",0.0,"139,60","1,00"
2021-07-12,mobile_app,feed,facebook,0.0,0.0,0,0,0,"1,00",0.0,"9,00","867,60","3,00",0.0,"209,50","1,00"
2021-07-11,All,All,All,192.0,194.0,"2,50",0,0,"3,00",0.0,"34,00","3192,50","16,00",0.0,"379,10","3,00"
2021-07-11,mobile_app,All,All,192.0,194.0,"2,50",0,0,"3,00",0.0,"34,00","3192,50","16,00",0.0,"379,10","3,00"
2021-07-11,mobile_app,feed,All,181.0,182.0,"2,49",0,0,"3,00",0.0,"33,00","3122,60","15,00",0.0,"379,10","3,00"
2021-07-11,mobile_app,feed,facebook,1.0,1.0,0,0,0,"3,00",0.0,"25,00","2424,40","12,00",0.0,"379,10","3,00"
2021-07-11,mobile_app,feed,instagram,181.0,181.0,"2,49",0,0,0,0.0,"8,00","698,20","3,00",0.0,0,0
2021-07-11,mobile_app,instagram_stories,All,0.0,0.0,0,0,0,0,0.0,"1,00","69,90","1,00",0.0,0,0
2021-07-11,mobile_app,instagram_stories,instagram,0.0,0.0,0,0,0,0,0.0,"1,00","69,90","1,00",0.0,0,0
2021-07-11,mobile_app,instant_article,All,6.0,7.0,0,0,0,0,0.0,0,0,0,0.0,0,0
2021-07-11,mobile_app,instant_article,facebook,6.0,7.0,0,0,0,0,0.0,0,0,0,0.0,0,0
2021-07-11,mobile_app,instagram_explore,All,5.0,5.0,"0,01",0,0,0,0.0,0,0,0,0.0,0,0
2021-07-11,mobile_app,instagram_explore,instagram,5.0,5.0,"0,01",0,0,0,0.0,0,0,0,0.0,0,0
2021-07-10,All,All,All,21052.0,29280.0,"109,77","266,00","207,00","16,00",0.0,"127,00","13577,30","79,00",0.0,"2283,60","16,00"
2021-07-10,mobile_app,All,All,20828.0,28779.0,"107,79","266,00","207,00","16,00",0.0,"127,00","13577,30","79,00",0.0,"2283,60","16,00"
2021-07-10,mobile_app,instream_video,All,0.0,1.0,"0,03",0,0,0,0.0,0,0,0,0.0,0,0
2021-07-10,mobile_app,instream_video,facebook,0.0,1.0,"0,03",0,0,0,0.0,0,0,0,0.0,0,0
2021-07-10,mobile_app,instant_article,All,9.0,9.0,"0,01",0,0,0,0.0,0,0,0,0.0,0,0
2021-07-10,mobile_app,instant_article,facebook,9.0,9.0,"0,01",0,0,0,0.0,0,0,0,0.0,0,0
2021-07-10,mobile_app,facebook_stories,All,28.0,28.0,"0,06",0,0,0,0.0,0,0,0,0.0,0,0
2021-07-10,mobile_app,facebook_stories,facebook,28.0,28.0,"0,06",0,0,0,0.0,0,0,0,0.0,0,0
2021-07-10,mobile_app,marketplace,All,16.0,22.0,"0,02",0,0,0,0.0,0,0,0,0.0,0,0
2021-07-10,mobile_app,marketplace,facebook,16.0,22.0,"0,02",0,0,0,0.0,0,0,0,0.0,0,0
2021-07-10,mobile_app,messenger_inbox,All,4.0,6.0,0,0,0,0,0.0,0,0,0,0.0,0,0
2021-07-10,mobile_app,messenger_inbox,messenger,4.0,6.0,0,0,0,0,0.0,0,0,0,0.0,0,0
2021-07-10,mobile_app,instagram_stories,All,3040.0,3073.0,"4,91","8,00","7,00","1,00",0.0,0,0,0,0.0,"259,30","1,00"
2021-07-10,mobile_app,instagram_stories,instagram,3040.0,3073.0,"4,91","8,00","7,00","1,00",0.0,0,0,0,0.0,"259,30","1,00"
2021-07-10,mobile_app,feed,All,18016.0,25059.0,"101,38","254,00","198,00","15,00",0.0,"127,00","13577,30","79,00",0.0,"2024,30","15,00"
2021-07-10,mobile_app,feed,instagram,7088.0,7705.0,"42,07","78,00","68,00","5,00",0.0,"67,00","8681,90","35,00",0.0,"997,00","5,00"
2021-07-10,mobile_app,feed,facebook,12860.0,17354.0,"59,31","176,00","130,00","10,00",0.0,"60,00","4895,40","44,00",0.0,"1027,30","10,00"
2021-07-10,mobile_app,instagram_explore,All,215.0,215.0,"0,50","2,00","1,00",0,0.0,0,0,0,0.0,0,0
2021-07-10,mobile_app,instagram_explore,instagram,215.0,215.0,"0,50","2,00","1,00",0,0.0,0,0,0,0.0,0,0
2021-07-10,mobile_app,video_feeds,All,332.0,366.0,"0,88","2,00","1,00",0,0.0,0,0,0,0.0,0,0
2021-07-10,mobile_app,video_feeds,facebook,332.0,366.0,"0,88","2,00","1,00",0,0.0,0,0,0,0.0,0,0
2021-07-10,mobile_web,All,All,180.0,311.0,"0,98",0,0,0,0.0,0,0,0,0.0,0,0
2021-07-10,mobile_web,feed,All,180.0,311.0,"0,98",0,0,0,0.0,0,0,0,0.0,0,0
2021-07-10,mobile_web,feed,facebook,180.0,311.0,"0,98",0,0,0,0.0,0,0,0,0.0,0,0
2021-07-10,desktop,All,All,124.0,190.0,"1,00",0,0,0,0.0,0,0,0,0.0,0,0
2021-07-10,desktop,feed,All,124.0,144.0,"0,97",0,0,0,0.0,0,0,0,0.0,0,0
2021-07-10,desktop,feed,facebook,124.0,144.0,"0,97",0,0,0,0.0,0,0,0,0.0,0,0
2021-07-10,desktop,right_hand_column,All,8.0,46.0,"0,03",0,0,0,0.0,0,0,0,0.0,0,0
2021-07-10,desktop,right_hand_column,facebook,8.0,46.0,"0,03",0,0,0,0.0,0,0,0,0.0,0,0
2021-07-09,All,All,All,12956.0,21516.0,"117,71","362,00","308,00","23,00",0.0,"306,00","31732,16","175,00",0.0,"2882,13","23,00"
2021-07-09,mobile_web,All,All,140.0,210.0,"1,06","2,00","2,00",0,0.0,"3,00","309,10","2,00",0.0,0,0
2021-07-09,mobile_web,feed,All,140.0,210.0,"1,06","2,00","2,00",0,0.0,"3,00","309,10","2,00",0.0,0,0
2021-07-09,mobile_web,feed,facebook,140.0,210.0,"1,06","2,00","2,00",0,0.0,"3,00","309,10","2,00",0.0,0,0
2021-07-09,mobile_app,All,All,12756.0,21090.0,"115,52","358,00","304,00","23,00",0.0,"303,00","31423,06","173,00",0.0,"2882,13","23,00"
2021-07-09,mobile_app,messenger_inbox,All,0.0,3.0,"0,02",0,0,0,0.0,0,0,0,0.0,0,0
2021-07-09,mobile_app,messenger_inbox,messenger,0.0,3.0,"0,02",0,0,0,0.0,0,0,0,0.0,0,0
2021-07-09,mobile_app,feed,All,11424.0,18980.0,"110,66","350,00","295,00","21,00",0.0,"260,00","24903,06","156,00",0.0,"2383,53","21,00"
2021-07-09,mobile_app,feed,facebook,9140.0,14848.0,"73,04","308,00","255,00","13,00",0.0,"196,00","17218,66","120,00",0.0,"1552,21","13,00"
2021-07-09,mobile_app,feed,instagram,3696.0,4132.0,"37,62","42,00","40,00","8,00",0.0,"64,00","7684,40","36,00",0.0,"831,32","8,00"
2021-07-09,mobile_app,instant_article,All,12.0,12.0,"0,01",0,0,0,0.0,0,0,0,0.0,0,0
2021-07-09,mobile_app,instant_article,facebook,12.0,12.0,"0,01",0,0,0,0.0,0,0,0,0.0,0,0
2021-07-09,mobile_app,facebook_stories,All,8.0,8.0,"0,01",0,0,0,0.0,0,0,0,0.0,0,0
2021-07-09,mobile_app,facebook_stories,facebook,8.0,8.0,"0,01",0,0,0,0.0,0,0,0,0.0,0,0
2021-07-09,mobile_app,marketplace,All,20.0,24.0,"0,09",0,0,0,0.0,0,0,0,0.0,0,0
2021-07-09,mobile_app,marketplace,facebook,20.0,24.0,"0,09",0,0,0,0.0,0,0,0,0.0,0,0
2021-07-09,mobile_app,instagram_explore,All,133.0,133.0,"0,22",0,0,0,0.0,0,0,0,0.0,0,0
2021-07-09,mobile_app,instagram_explore,instagram,133.0,133.0,"0,22",0,0,0,0.0,0,0,0,0.0,0,0
2021-07-09,mobile_app,instagram_stories,All,1420.0,1539.0,"3,82","7,00","7,00","2,00",0.0,"38,00","5622,50","15,00",0.0,"498,60","2,00"
2021-07-09,mobile_app,instagram_stories,instagram,1420.0,1539.0,"3,82","7,00","7,00","2,00",0.0,"38,00","5622,50","15,00",0.0,"498,60","2,00"
2021-07-09,mobile_app,video_feeds,All,372.0,391.0,"0,69","1,00","2,00",0,0.0,"5,00","897,50","2,00",0.0,0,0
2021-07-09,mobile_app,video_feeds,facebook,372.0,391.0,"0,69","1,00","2,00",0,0.0,"5,00","897,50","2,00",0.0,0,0
2021-07-09,desktop,All,All,152.0,216.0,"1,13","2,00","2,00",0,0.0,0,0,0,0.0,0,0
2021-07-09,desktop,feed,All,148.0,175.0,"1,04","2,00","2,00",0,0.0,0,0,0,0.0,0,0
2021-07-09,desktop,feed,facebook,148.0,175.0,"1,04","2,00","2,00",0,0.0,0,0,0,0.0,0,0
2021-07-09,desktop,right_hand_column,All,4.0,41.0,"0,09",0,0,0,0.0,0,0,0,0.0,0,0
2021-07-09,desktop,right_hand_column,facebook,4.0,41.0,"0,09",0,0,0,0.0,0,0,0,0.0,0,0
2021-07-08,All,All,All,16232.0,21441.0,"112,92","262,00","216,00","2,00",0.0,"118,00","11947,70","65,00",0.0,"238,80","2,00"
2021-07-08,desktop,All,All,192.0,224.0,"1,59","1,00",0,0,0.0,"5,00","458,50","1,00",0.0,0,0
2021-07-08,desktop,feed,All,192.0,224.0,"1,59","1,00",0,0,0.0,"5,00","458,50","1,00",0.0,0,0
2021-07-08,desktop,feed,facebook,192.0,224.0,"1,59","1,00",0,0,0.0,"5,00","458,50","1,00",0.0,0,0
2021-07-08,mobile_app,All,All,16024.0,21067.0,"110,31","261,00","216,00","2,00",0.0,"113,00","11489,20","64,00",0.0,"238,80","2,00"
2021-07-08,mobile_app,marketplace,All,8.0,33.0,"0,12","1,00","1,00",0,0.0,"1,00","39,90","1,00",0.0,0,0
2021-07-08,mobile_app,marketplace,facebook,8.0,33.0,"0,12","1,00","1,00",0,0.0,"1,00","39,90","1,00",0.0,0,0
2021-07-08,mobile_app,instream_video,All,1.0,1.0,0,0,0,0,0.0,0,0,0,0.0,0,0
2021-07-08,mobile_app,instream_video,facebook,1.0,1.0,0,0,0,0,0.0,0,0,0,0.0,0,0
2021-07-08,mobile_app,instant_article,All,24.0,24.0,"0,08",0,0,0,0.0,0,0,0,0.0,0,0
2021-07-08,mobile_app,instant_article,facebook,24.0,24.0,"0,08",0,0,0,0.0,0,0,0,0.0,0,0
2021-07-08,mobile_app,facebook_stories,All,60.0,63.0,"0,39","2,00","2,00",0,0.0,0,0,0,0.0,0,0
2021-07-08,mobile_app,facebook_stories,facebook,60.0,63.0,"0,39","2,00","2,00",0,0.0,0,0,0,0.0,0,0
2021-07-08,mobile_app,instagram_stories,All,2736.0,2774.0,"6,77","14,00","9,00",0,0.0,"13,00","637,60","8,00",0.0,0,0
2021-07-08,mobile_app,instagram_stories,instagram,2736.0,2774.0,"6,77","14,00","9,00",0,0.0,"13,00","637,60","8,00",0.0,0,0
2021-07-08,mobile_app,feed,All,12884.0,17024.0,"100,64","243,00","204,00","2,00",0.0,"94,00","10402,30","51,00",0.0,"238,80","2,00"
2021-07-08,mobile_app,feed,facebook,9120.0,11628.0,"63,61","188,00","155,00","2,00",0.0,"32,00","2253,20","25,00",0.0,"238,80","2,00"
2021-07-08,mobile_app,feed,instagram,4796.0,5396.0,"37,03","55,00","49,00",0,0.0,"62,00","8149,10","26,00",0.0,0,0
2021-07-08,mobile_app,messenger_stories,All,0.0,1.0,0,0,0,0,0.0,0,0,0,0.0,0,0
2021-07-08,mobile_app,messenger_stories,messenger,0.0,1.0,0,0,0,0,0.0,0,0,0,0.0,0,0
2021-07-08,mobile_app,instagram_explore,All,260.0,287.0,"0,74",0,0,0,0.0,"5,00","409,40","4,00",0.0,0,0
2021-07-08,mobile_app,instagram_explore,instagram,260.0,287.0,"0,74",0,0,0,0.0,"5,00","409,40","4,00",0.0,0,0
2021-07-08,mobile_app,an_classic,All,2.0,2.0,0,0,0,0,0.0,0,0,0,0.0,0,0
2021-07-08,mobile_app,an_classic,audience_network,2.0,2.0,0,0,0,0,0.0,0,0,0,0.0,0,0
2021-07-08,mobile_app,video_feeds,All,858.0,858.0,"1,57","1,00",0,0,0.0,0,0,0,0.0,0,0
2021-07-08,mobile_app,video_feeds,facebook,858.0,858.0,"1,57","1,00",0,0,0.0,0,0,0,0.0,0,0
2021-07-08,mobile_web,All,All,108.0,150.0,"1,02",0,0,0,0.0,0,0,0,0.0,0,0
2021-07-08,mobile_web,feed,All,108.0,150.0,"1,02",0,0,0,0.0,0,0,0,0.0,0,0
2021-07-08,mobile_web,feed,facebook,108.0,150.0,"1,02",0,0,0,0.0,0,0,0,0.0,0,0
2021-07-07,All,All,All,18016.0,23033.0,"107,85","317,00","258,00","12,00",0.0,"79,00","8839,12","57,00",0.0,"1355,41","12,00"
2021-07-07,mobile_app,All,All,17764.0,22631.0,"105,22","314,00","255,00","12,00",0.0,"77,00","8739,32","55,00",0.0,"1355,41","12,00"
2021-07-07,mobile_app,instagram_stories,All,2624.0,2705.0,"3,63","10,00","9,00","2,00",0.0,"7,00","468,80","6,00",0.0,"148,51","2,00"
2021-07-07,mobile_app,instagram_stories,instagram,2624.0,2705.0,"3,63","10,00","9,00","2,00",0.0,"7,00","468,80","6,00",0.0,"148,51","2,00"
2021-07-07,mobile_app,an_classic,All,0.0,1.0,0,0,0,0,0.0,0,0,0,0.0,0,0
2021-07-07,mobile_app,an_classic,audience_network,0.0,1.0,0,0,0,0,0.0,0,0,0,0.0,0,0
2021-07-07,mobile_app,facebook_stories,All,28.0,29.0,"0,15","2,00","2,00",0,0.0,0,0,0,0.0,0,0
2021-07-07,mobile_app,facebook_stories,facebook,28.0,29.0,"0,15","2,00","2,00",0,0.0,0,0,0,0.0,0,0
2021-07-07,mobile_app,video_feeds,All,852.0,888.0,"1,55","5,00","5,00",0,0.0,0,0,0,0.0,0,0
2021-07-07,mobile_app,video_feeds,facebook,852.0,888.0,"1,55","5,00","5,00",0,0.0,0,0,0,0.0,0,0
2021-07-07,mobile_app,instagram_explore,All,168.0,183.0,"0,60","1,00","1,00",0,0.0,0,0,0,0.0,0,0
2021-07-07,mobile_app,instagram_explore,instagram,168.0,183.0,"0,60","1,00","1,00",0,0.0,0,0,0,0.0,0,0
2021-07-07,mobile_app,instant_article,All,27.0,27.0,"0,06",0,0,0,0.0,0,0,0,0.0,0,0
2021-07-07,mobile_app,instant_article,facebook,27.0,27.0,"0,06",0,0,0,0.0,0,0,0,0.0,0,0
2021-07-07,mobile_app,feed,All,14488.0,18753.0,"99,09","296,00","238,00","10,00",0.0,"70,00","8270,52","49,00",0.0,"1206,90","10,00"
2021-07-07,mobile_app,feed,facebook,8540.0,11229.0,"54,17","214,00","162,00","4,00",0.0,"27,00","2145,50","19,00",0.0,"329,40","4,00"
2021-07-07,mobile_app,feed,instagram,7180.0,7524.0,"44,92","82,00","76,00","6,00",0.0,"43,00","6125,02","30,00",0.0,"877,50","6,00"
2021-07-07,mobile_app,rewarded_video,All,2.0,2.0,"0,02",0,0,0,0.0,0,0,0,0.0,0,0
2021-07-07,mobile_app,rewarded_video,audience_network,2.0,2.0,"0,02",0,0,0,0.0,0,0,0,0.0,0,0
2021-07-07,mobile_app,marketplace,All,43.0,43.0,"0,12",0,0,0,0.0,0,0,0,0.0,0,0
2021-07-07,mobile_app,marketplace,facebook,43.0,43.0,"0,12",0,0,0,0.0,0,0,0,0.0,0,0
2021-07-07,desktop,All,All,212.0,231.0,"1,76","2,00","2,00",0,0.0,0,0,0,0.0,0,0
2021-07-07,desktop,feed,All,212.0,231.0,"1,76","2,00","2,00",0,0.0,0,0,0,0.0,0,0
2021-07-07,desktop,feed,facebook,212.0,231.0,"1,76","2,00","2,00",0,0.0,0,0,0,0.0,0,0
2021-07-07,mobile_web,All,All,128.0,171.0,"0,87","1,00","1,00",0,0.0,"2,00","99,80","2,00",0.0,0,0
2021-07-07,mobile_web,feed,All,128.0,171.0,"0,87","1,00","1,00",0,0.0,"2,00","99,80","2,00",0.0,0,0
2021-07-07,mobile_web,feed,facebook,128.0,171.0,"0,87","1,00","1,00",0,0.0,"2,00","99,80","2,00",0.0,0,0
2021-07-06,All,All,All,21488.0,26275.0,"109,98","333,00","273,00","10,00",0.0,"96,00","8787,20","61,00",0.0,"618,50","10,00"
2021-07-06,mobile_app,All,All,21252.0,25895.0,"107,51","333,00","273,00","10,00",0.0,"94,00","8407,90","59,00",0.0,"618,50","10,00"
2021-07-06,mobile_app,marketplace,All,32.0,51.0,"0,08",0,0,0,0.0,0,0,0,0.0,0,0
2021-07-06,mobile_app,marketplace,facebook,32.0,51.0,"0,08",0,0,0,0.0,0,0,0,0.0,0,0
2021-07-06,mobile_app,rewarded_video,All,4.0,5.0,"0,02",0,0,0,0.0,0,0,0,0.0,0,0
2021-07-06,mobile_app,rewarded_video,audience_network,4.0,5.0,"0,02",0,0,0,0.0,0,0,0,0.0,0,0
2021-07-06,mobile_app,facebook_stories,All,16.0,16.0,"0,10",0,0,0,0.0,0,0,0,0.0,0,0
2021-07-06,mobile_app,facebook_stories,facebook,16.0,16.0,"0,10",0,0,0,0.0,0,0,0,0.0,0,0
2021-07-06,mobile_app,instant_article,All,16.0,17.0,"0,04",0,0,0,0.0,0,0,0,0.0,0,0
2021-07-06,mobile_app,instant_article,facebook,16.0,17.0,"0,04",0,0,0,0.0,0,0,0,0.0,0,0
2021-07-06,mobile_app,instagram_explore,All,171.0,171.0,"0,31",0,0,0,0.0,0,0,0,0.0,0,0
2021-07-06,mobile_app,instagram_explore,instagram,171.0,171.0,"0,31",0,0,0,0.0,0,0,0,0.0,0,0
2021-07-06,mobile_app,video_feeds,All,733.0,733.0,"1,78","2,00","2,00",0,0.0,0,0,0,0.0,0,0
2021-07-06,mobile_app,video_feeds,facebook,733.0,733.0,"1,78","2,00","2,00",0,0.0,0,0,0,0.0,0,0
2021-07-06,mobile_app,instagram_stories,All,3960.0,4015.0,"4,85","9,00","7,00",0,0.0,0,0,0,0.0,0,0
2021-07-06,mobile_app,instagram_stories,instagram,3960.0,4015.0,"4,85","9,00","7,00",0,0.0,0,0,0,0.0,0,0
2021-07-06,mobile_app,feed,All,16844.0,20887.0,"100,33","322,00","264,00","10,00",0.0,"94,00","8407,90","59,00",0.0,"618,50","10,00"
2021-07-06,mobile_app,feed,instagram,9932.0,9944.0,"50,80","117,00","107,00","2,00",0.0,"46,00","4876,40","22,00",0.0,"109,70","2,00"
2021-07-06,mobile_app,feed,facebook,8356.0,10943.0,"49,53","205,00","157,00","8,00",0.0,"48,00","3531,50","37,00",0.0,"508,80","8,00"
2021-07-06,mobile_web,All,All,100.0,140.0,"0,48",0,0,0,0.0,"1,00","49,90","1,00",0.0,0,0
2021-07-06,mobile_web,feed,All,100.0,140.0,"0,48",0,0,0,0.0,"1,00","49,90","1,00",0.0,0,0
2021-07-06,mobile_web,feed,facebook,100.0,140.0,"0,48",0,0,0,0.0,"1,00","49,90","1,00",0.0,0,0
2021-07-06,desktop,All,All,220.0,240.0,"1,99",0,0,0,0.0,"1,00","329,40","1,00",0.0,0,0
2021-07-06,desktop,feed,All,220.0,240.0,"1,99",0,0,0,0.0,"1,00","329,40","1,00",0.0,0,0
2021-07-06,desktop,feed,facebook,220.0,240.0,"1,99",0,0,0,0.0,"1,00","329,40","1,00",0.0,0,0
2021-07-05,All,All,All,22052.0,27955.0,"110,34","482,00","401,00","16,00",0.0,"159,00","15678,90","96,00",0.0,"1673,71","16,00"
2021-07-05,mobile_app,All,All,21820.0,27551.0,"108,14","477,00","396,00","16,00",0.0,"157,00","15579,10","94,00",0.0,"1673,71","16,00"
2021-07-05,mobile_app,feed,All,18036.0,23243.0,"101,87","465,00","384,00","13,00",0.0,"140,00","14013,00","85,00",0.0,"1519,01","13,00"
2021-07-05,mobile_app,feed,facebook,10024.0,13506.0,"56,02","331,00","263,00","5,00",0.0,"87,00","9004,00","50,00",0.0,"780,51","5,00"
2021-07-05,mobile_app,feed,instagram,9404.0,9737.0,"45,85","134,00","121,00","8,00",0.0,"53,00","5009,00","35,00",0.0,"738,50","8,00"
2021-07-05,mobile_app,rewarded_video,All,0.0,1.0,0,0,0,0,0.0,0,0,0,0.0,0,0
2021-07-05,mobile_app,rewarded_video,audience_network,0.0,1.0,0,0,0,0,0.0,0,0,0,0.0,0,0
2021-07-05,mobile_app,instagram_explore,All,184.0,184.0,"0,33","1,00","1,00",0,0.0,0,0,0,0.0,0,0
2021-07-05,mobile_app,instagram_explore,instagram,184.0,184.0,"0,33","1,00","1,00",0,0.0,0,0,0,0.0,0,0
2021-07-05,mobile_app,video_feeds,All,921.0,921.0,"1,88","5,00","4,00",0,0.0,"12,00","1206,60","4,00",0.0,0,0
2021-07-05,mobile_app,video_feeds,facebook,921.0,921.0,"1,88","5,00","4,00",0,0.0,"12,00","1206,60","4,00",0.0,0,0
2021-07-05,mobile_app,instagram_stories,All,3147.0,3147.0,"3,89","6,00","7,00","3,00",0.0,"5,00","359,50","5,00",0.0,"154,70","3,00"
2021-07-05,mobile_app,instagram_stories,instagram,3147.0,3147.0,"3,89","6,00","7,00","3,00",0.0,"5,00","359,50","5,00",0.0,"154,70","3,00"
2021-07-05,mobile_app,facebook_stories,All,8.0,13.0,"0,06",0,0,0,0.0,0,0,0,0.0,0,0
2021-07-05,mobile_app,facebook_stories,facebook,8.0,13.0,"0,06",0,0,0,0.0,0,0,0,0.0,0,0
2021-07-05,mobile_app,marketplace,All,20.0,28.0,"0,11",0,0,0,0.0,0,0,0,0.0,0,0
2021-07-05,mobile_app,marketplace,facebook,20.0,28.0,"0,11",0,0,0,0.0,0,0,0,0.0,0,0
2021-07-05,mobile_app,instant_article,All,12.0,14.0,0,0,0,0,0.0,0,0,0,0.0,0,0
2021-07-05,mobile_app,instant_article,facebook,12.0,14.0,0,0,0,0,0.0,0,0,0,0.0,0,0
2021-07-05,mobile_web,All,All,108.0,148.0,"0,51",0,0,0,0.0,"1,00","49,90","1,00",0.0,0,0
2021-07-05,mobile_web,feed,All,108.0,148.0,"0,51",0,0,0,0.0,"1,00","49,90","1,00",0.0,0,0
2021-07-05,mobile_web,feed,facebook,108.0,148.0,"0,51",0,0,0,0.0,"1,00","49,90","1,00",0.0,0,0
2021-07-05,desktop,All,All,228.0,256.0,"1,69","5,00","5,00",0,0.0,"1,00","49,90","1,00",0.0,0,0
2021-07-05,desktop,feed,All,228.0,256.0,"1,69","5,00","5,00",0,0.0,"1,00","49,90","1,00",0.0,0,0
2021-07-05,desktop,feed,facebook,228.0,256.0,"1,69","5,00","5,00",0,0.0,"1,00","49,90","1,00",0.0,0,0
2021-07-04,All,All,All,19816.0,27142.0,"105,58","531,00","440,00","12,00",0.0,"157,00","15004,50","103,00",0.0,"1077,40","12,00"
2021-07-04,desktop,All,All,148.0,158.0,"0,81","4,00","4,00",0,0.0,"2,00","105,10","2,00",0.0,0,0
2021-07-04,desktop,feed,All,148.0,158.0,"0,81","4,00","4,00",0,0.0,"2,00","105,10","2,00",0.0,0,0
2021-07-04,desktop,feed,facebook,148.0,158.0,"0,81","4,00","4,00",0,0.0,"2,00","105,10","2,00",0.0,0,0
2021-07-04,mobile_web,All,All,92.0,129.0,"0,42","3,00","3,00",0,0.0,"1,00","49,90","1,00",0.0,0,0
2021-07-04,mobile_web,feed,All,92.0,129.0,"0,42","3,00","3,00",0,0.0,"1,00","49,90","1,00",0.0,0,0
2021-07-04,mobile_web,feed,facebook,92.0,129.0,"0,42","3,00","3,00",0,0.0,"1,00","49,90","1,00",0.0,0,0
2021-07-04,mobile_app,All,All,19660.0,26855.0,"104,35","524,00","433,00","12,00",0.0,"154,00","14849,50","100,00",0.0,"1077,40","12,00"
2021-07-04,mobile_app,feed,All,16608.0,23173.0,"99,66","510,00","423,00","12,00",0.0,"152,00","14719,80","98,00",0.0,"1077,40","12,00"
2021-07-04,mobile_app,feed,facebook,9800.0,13970.0,"56,89","375,00","299,00","8,00",0.0,"118,00","12287,40","75,00",0.0,"718,30","8,00"
2021-07-04,mobile_app,feed,instagram,8636.0,9203.0,"42,77","135,00","124,00","4,00",0.0,"34,00","2432,40","23,00",0.0,"359,10","4,00"
2021-07-04,mobile_app,instagram_stories,All,2392.0,2524.0,"2,72","10,00","6,00",0,0.0,0,0,0,0.0,0,0
2021-07-04,mobile_app,instagram_stories,instagram,2392.0,2524.0,"2,72","10,00","6,00",0,0.0,0,0,0,0.0,0,0
2021-07-04,mobile_app,video_feeds,All,824.0,870.0,"1,32","4,00","4,00",0,0.0,"2,00","129,70","2,00",0.0,0,0
2021-07-04,mobile_app,video_feeds,facebook,824.0,870.0,"1,32","4,00","4,00",0,0.0,"2,00","129,70","2,00",0.0,0,0
2021-07-04,mobile_app,instant_article,All,8.0,10.0,"0,02",0,0,0,0.0,0,0,0,0.0,0,0
2021-07-04,mobile_app,instant_article,facebook,8.0,10.0,"0,02",0,0,0,0.0,0,0,0,0.0,0,0
2021-07-04,mobile_app,marketplace,All,18.0,18.0,"0,06",0,0,0,0.0,0,0,0,0.0,0,0
2021-07-04,mobile_app,marketplace,facebook,18.0,18.0,"0,06",0,0,0,0.0,0,0,0,0.0,0,0
2021-07-04,mobile_app,facebook_stories,All,18.0,18.0,"0,05",0,0,0,0.0,0,0,0,0.0,0,0
2021-07-04,mobile_app,facebook_stories,facebook,18.0,18.0,"0,05",0,0,0,0.0,0,0,0,0.0,0,0
2021-07-04,mobile_app,instagram_explore,All,242.0,242.0,"0,52",0,0,0,0.0,0,0,0,0.0,0,0
2021-07-04,mobile_app,instagram_explore,instagram,242.0,242.0,"0,52",0,0,0,0.0,0,0,0,0.0,0,0
2021-07-03,All,All,All,23216.0,28687.0,"109,80","652,00","526,00","11,00",0.0,"168,00","14979,30","105,00",0.0,"1013,71","11,00"
2021-07-03,mobile_web,All,All,32.0,94.0,"0,23",0,0,0,0.0,0,0,0,0.0,0,0
2021-07-03,mobile_web,feed,All,32.0,94.0,"0,23",0,0,0,0.0,0,0,0,0.0,0,0
2021-07-03,mobile_web,feed,facebook,32.0,94.0,"0,23",0,0,0,0.0,0,0,0,0.0,0,0
2021-07-03,desktop,All,All,64.0,76.0,"0,37",0,0,0,0.0,"2,00","349,30","1,00",0.0,0,0
2021-07-03,desktop,feed,All,64.0,76.0,"0,37",0,0,0,0.0,"2,00","349,30","1,00",0.0,0,0
2021-07-03,desktop,feed,facebook,64.0,76.0,"0,37",0,0,0,0.0,"2,00","349,30","1,00",0.0,0,0
2021-07-03,mobile_app,All,All,23128.0,28517.0,"109,20","652,00","526,00","11,00",0.0,"166,00","14630,00","104,00",0.0,"1013,71","11,00"
2021-07-03,mobile_app,video_feeds,All,657.0,657.0,"0,98","5,00","4,00",0,0.0,0,0,0,0.0,0,0
2021-07-03,mobile_app,video_feeds,facebook,657.0,657.0,"0,98","5,00","4,00",0,0.0,0,0,0,0.0,0,0
2021-07-03,mobile_app,instagram_stories,All,1212.0,1212.0,"2,20","9,00","7,00","1,00",0.0,"12,00","1017,00","6,00",0.0,"109,80","1,00"
2021-07-03,mobile_app,instagram_stories,instagram,1212.0,1212.0,"2,20","9,00","7,00","1,00",0.0,"12,00","1017,00","6,00",0.0,"109,80","1,00"
2021-07-03,mobile_app,instagram_explore,All,371.0,371.0,"0,63","4,00","4,00",0,0.0,"1,00","39,90","1,00",0.0,0,0
2021-07-03,mobile_app,instagram_explore,instagram,371.0,371.0,"0,63","4,00","4,00",0,0.0,"1,00","39,90","1,00",0.0,0,0
2021-07-03,mobile_app,rewarded_video,All,0.0,1.0,"0,01",0,0,0,0.0,0,0,0,0.0,0,0
2021-07-03,mobile_app,rewarded_video,audience_network,0.0,1.0,"0,01",0,0,0,0.0,0,0,0,0.0,0,0
2021-07-03,mobile_app,facebook_stories,All,0.0,1.0,0,0,0,0,0.0,0,0,0,0.0,0,0
2021-07-03,mobile_app,facebook_stories,facebook,0.0,1.0,0,0,0,0,0.0,0,0,0,0.0,0,0
2021-07-03,mobile_app,feed,All,21256.0,26267.0,"105,38","634,00","511,00","10,00",0.0,"153,00","13573,10","97,00",0.0,"903,91","10,00"
2021-07-03,mobile_app,feed,facebook,8920.0,11763.0,"45,25","333,00","244,00","5,00",0.0,"78,00","6352,00","47,00",0.0,"525,01","5,00"
2021-07-03,mobile_app,feed,instagram,14056.0,14504.0,"60,13","301,00","267,00","5,00",0.0,"75,00","7221,10","50,00",0.0,"378,90","5,00"
2021-07-03,mobile_app,marketplace,All,8.0,8.0,0,0,0,0,0.0,0,0,0,0.0,0,0
2021-07-03,mobile_app,marketplace,facebook,8.0,8.0,0,0,0,0,0.0,0,0,0,0.0,0,0
2021-07-02,All,All,All,23320.0,31795.0,"93,12","715,00","609,00","20,00",0.0,"189,00","12954,50","133,00",0.0,"1671,10","20,00"
2021-07-02,mobile_web,All,All,72.0,120.0,"0,31","1,00","1,00",0,0.0,0,0,0,0.0,0,0
2021-07-02,mobile_web,feed,All,72.0,120.0,"0,31","1,00","1,00",0,0.0,0,0,0,0.0,0,0
2021-07-02,mobile_web,feed,facebook,72.0,120.0,"0,31","1,00","1,00",0,0.0,0,0,0,0.0,0,0
2021-07-02,desktop,All,All,64.0,90.0,"0,40","2,00","2,00",0,0.0,"5,00","598,80","5,00",0.0,0,0
2021-07-02,desktop,feed,All,64.0,90.0,"0,40","2,00","2,00",0,0.0,"5,00","598,80","5,00",0.0,0,0
2021-07-02,desktop,feed,facebook,64.0,90.0,"0,40","2,00","2,00",0,0.0,"5,00","598,80","5,00",0.0,0,0
2021-07-02,mobile_app,All,All,23248.0,31585.0,"92,41","712,00","606,00","20,00",0.0,"184,00","12355,70","128,00",0.0,"1671,10","20,00"
2021-07-02,mobile_app,feed,All,19880.0,27372.0,"87,47","691,00","586,00","18,00",0.0,"174,00","11498,40","118,00",0.0,"1531,40","18,00"
2021-07-02,mobile_app,feed,facebook,8728.0,12641.0,"42,16","395,00","317,00","16,00",0.0,"126,00","9214,80","80,00",0.0,"1431,60","16,00"
2021-07-02,mobile_app,feed,instagram,13472.0,14731.0,"45,31","296,00","269,00","2,00",0.0,"48,00","2283,60","38,00",0.0,"99,80","2,00"
2021-07-02,mobile_app,marketplace,All,0.0,5.0,"0,01",0,0,0,0.0,0,0,0,0.0,0,0
2021-07-02,mobile_app,marketplace,facebook,0.0,5.0,"0,01",0,0,0,0.0,0,0,0,0.0,0,0
2021-07-02,mobile_app,instant_article,All,0.0,3.0,"0,02",0,0,0,0.0,0,0,0,0.0,0,0
2021-07-02,mobile_app,instant_article,facebook,0.0,3.0,"0,02",0,0,0,0.0,0,0,0,0.0,0,0
2021-07-02,mobile_app,instagram_explore,All,477.0,477.0,"0,64","6,00","6,00",0,0.0,0,0,0,0.0,0,0
2021-07-02,mobile_app,instagram_explore,instagram,477.0,477.0,"0,64","6,00","6,00",0,0.0,0,0,0,0.0,0,0
2021-07-02,mobile_app,instagram_stories,All,3032.0,3225.0,"3,58","13,00","12,00","2,00",0.0,"9,00","558,70","9,00",0.0,"139,70","2,00"
2021-07-02,mobile_app,instagram_stories,instagram,3032.0,3225.0,"3,58","13,00","12,00","2,00",0.0,"9,00","558,70","9,00",0.0,"139,70","2,00"
2021-07-02,mobile_app,rewarded_video,All,0.0,2.0,"0,02",0,0,0,0.0,0,0,0,0.0,0,0
2021-07-02,mobile_app,rewarded_video,audience_network,0.0,2.0,"0,02",0,0,0,0.0,0,0,0,0.0,0,0
2021-07-02,mobile_app,facebook_stories,All,0.0,1.0,0,0,0,0,0.0,0,0,0,0.0,0,0
2021-07-02,mobile_app,facebook_stories,facebook,0.0,1.0,0,0,0,0,0.0,0,0,0,0.0,0,0
2021-07-02,mobile_app,video_feeds,All,500.0,500.0,"0,67","2,00","2,00",0,0.0,"1,00","298,60","1,00",0.0,0,0
2021-07-02,mobile_app,video_feeds,facebook,500.0,500.0,"0,67","2,00","2,00",0,0.0,"1,00","298,60","1,00",0.0,0,0
2021-07-01,All,All,All,13068.0,16063.0,"52,95","458,00","398,00","21,00",0.0,"181,00","13460,21","117,00",0.0,"1837,62","21,00"
2021-07-01,desktop,All,All,60.0,60.0,"0,36","1,00",0,0,0.0,0,0,0,0.0,0,0
2021-07-01,desktop,feed,All,60.0,60.0,"0,36","1,00",0,0,0.0,0,0,0,0.0,0,0
2021-07-01,desktop,feed,facebook,60.0,60.0,"0,36","1,00",0,0,0.0,0,0,0,0.0,0,0
2021-07-01,mobile_web,All,All,68.0,92.0,"0,27","1,00","1,00",0,0.0,0,0,0,0.0,0,0
2021-07-01,mobile_web,feed,All,68.0,92.0,"0,27","1,00","1,00",0,0.0,0,0,0,0.0,0,0
2021-07-01,mobile_web,feed,facebook,68.0,92.0,"0,27","1,00","1,00",0,0.0,0,0,0,0.0,0,0
2021-07-01,mobile_app,All,All,12956.0,15911.0,"52,32","456,00","397,00","21,00",0.0,"181,00","13460,21","117,00",0.0,"1837,62","21,00"
2021-07-01,mobile_app,instagram_stories,All,1480.0,1480.0,"1,20","7,00","6,00",0,0.0,"4,00","219,30","2,00",0.0,0,0
2021-07-01,mobile_app,instagram_stories,instagram,1480.0,1480.0,"1,20","7,00","6,00",0,0.0,"4,00","219,30","2,00",0.0,0,0
2021-07-01,mobile_app,feed,All,11488.0,14126.0,"50,71","441,00","384,00","21,00",0.0,"177,00","13240,91","115,00",0.0,"1837,62","21,00"
2021-07-01,mobile_app,feed,facebook,6876.0,8123.0,"28,56","255,00","214,00","9,00",0.0,"82,00","5111,01","59,00",0.0,"934,82","9,00"
2021-07-01,mobile_app,feed,instagram,5788.0,6003.0,"22,15","186,00","170,00","12,00",0.0,"95,00","8129,90","56,00",0.0,"902,80","12,00"
2021-07-01,mobile_app,instagram_explore,All,81.0,81.0,"0,07","2,00","2,00",0,0.0,0,0,0,0.0,0,0
2021-07-01,mobile_app,instagram_explore,instagram,81.0,81.0,"0,07","2,00","2,00",0,0.0,0,0,0,0.0,0,0
2021-07-01,mobile_app,facebook_stories,All,4.0,4.0,"0,02",0,0,0,0.0,0,0,0,0.0,0,0
2021-07-01,mobile_app,facebook_stories,facebook,4.0,4.0,"0,02",0,0,0,0.0,0,0,0,0.0,0,0
2021-07-01,mobile_app,video_feeds,All,200.0,215.0,"0,29","6,00","5,00",0,0.0,0,0,0,0.0,0,0
2021-07-01,mobile_app,video_feeds,facebook,200.0,215.0,"0,29","6,00","5,00",0,0.0,0,0,0,0.0,0,0
2021-07-01,mobile_app,marketplace,All,0.0,4.0,"0,03",0,0,0,0.0,0,0,0,0.0,0,0
2021-07-01,mobile_app,marketplace,facebook,0.0,4.0,"0,03",0,0,0,0.0,0,0,0,0.0,0,0
2021-07-01,mobile_app,instant_article,All,0.0,1.0,0,0,0,0,0.0,0,0,0,0.0,0,0
2021-07-01,mobile_app,instant_article,facebook,0.0,1.0,0,0,0,0,0.0,0,0,0,0.0,0,0
